代碼,日期,中文簡稱,開盤價(元),最高價(元),最低價(元),收盤價(元),成交張數(張)
50,20130102,元大台灣50          ,46.57,47.13,46.49,46.92,16487 
50,20130103,元大台灣50          ,47.35,47.48,47.13,47.31,29020 
50,20130104,元大台灣50          ,47.31,47.31,46.92,47,9837 
50,20130107,元大台灣50          ,47.05,47.05,46.49,46.79,8910 
50,20130108,元大台灣50          ,46.57,46.75,46.27,46.49,12507 
50,20130109,元大台灣50          ,46.36,46.83,46.36,46.66,7529 
50,20130110,元大台灣50          ,46.83,47.13,46.7,47,13953 
50,20130111,元大台灣50          ,47.18,47.26,46.87,46.96,11837 
50,20130114,元大台灣50          ,46.57,47,46.4,47,7282 
50,20130115,元大台灣50          ,46.75,46.96,46.49,46.57,6609 
50,20130116,元大台灣50          ,46.62,46.62,46.31,46.31,8142 
50,20130117,元大台灣50          ,46.49,46.75,45.88,45.97,10084 
50,20130118,元大台灣50          ,46.53,46.53,46.31,46.53,5410 
50,20130121,元大台灣50          ,46.53,46.62,46.18,46.49,4525 
50,20130122,元大台灣50          ,46.83,46.83,46.31,46.62,10501 
50,20130123,元大台灣50          ,46.75,46.83,46.49,46.57,7266 
50,20130124,元大台灣50          ,46.36,46.49,45.93,46.31,11334 
50,20130125,元大台灣50          ,46.27,46.31,45.88,46.14,8521 
50,20130128,元大台灣50          ,46.31,46.53,46.27,46.36,8708 
50,20130129,元大台灣50          ,46.53,47,46.53,47,21973 
50,20130130,元大台灣50          ,47,47.22,46.96,47.09,21672 
50,20130131,元大台灣50          ,47,47.09,46.83,47.09,12643 
50,20130201,元大台灣50          ,47.18,47.31,47.09,47.26,15057 
50,20130204,元大台灣50          ,47.31,47.78,47.31,47.61,30980 
50,20130205,元大台灣50          ,47.35,47.52,47.35,47.44,15988 
50,20130206,元大台灣50          ,47.61,47.87,47.61,47.78,29434 
50,20130218,元大台灣50          ,47.87,48.21,47.82,47.95,29739 
50,20130219,元大台灣50          ,47.95,48.08,47.91,48,16817 
50,20130220,元大台灣50          ,48.21,48.47,48.21,48.38,21814 
50,20130221,元大台灣50          ,48.21,48.34,48.04,48.04,9951 
50,20130222,元大台灣50          ,47.95,48.17,47.74,47.87,9130 
50,20130223,元大台灣50          ,48.04,48.21,48,48.13,6375 
50,20130225,元大台灣50          ,48.13,48.13,47.91,48.04,10431 
50,20130226,元大台灣50          ,47.65,47.78,47.48,47.52,6753 
50,20130227,元大台灣50          ,47.48,47.61,47.39,47.61,4605 
50,20130301,元大台灣50          ,47.74,47.91,47.69,47.78,5730 
50,20130304,元大台灣50          ,47.78,47.82,47.18,47.22,8270 
50,20130305,元大台灣50          ,47.35,47.74,47.35,47.61,16081 
50,20130306,元大台灣50          ,48.04,48.08,47.61,47.82,4640 
50,20130307,元大台灣50          ,47.61,48,47.61,47.78,5956 
50,20130308,元大台灣50          ,47.95,48.21,47.95,48.13,12380 
50,20130311,元大台灣50          ,48.13,48.38,47.95,48.21,12066 
50,20130312,元大台灣50          ,48.21,48.3,47.91,47.91,7442 
50,20130313,元大台灣50          ,47.95,48.25,47.69,48,10205 
50,20130314,元大台灣50          ,47.87,47.95,47.74,47.95,12133 
50,20130315,元大台灣50          ,47.95,48.04,47.61,47.61,9551 
50,20130318,元大台灣50          ,47.44,47.44,46.83,47,13219 
50,20130319,元大台灣50          ,47.18,47.22,47,47.09,3373 
50,20130320,元大台灣50          ,46.87,47.05,46.7,46.79,8821 
50,20130321,元大台灣50          ,46.92,46.96,46.79,46.83,4929 
50,20130322,元大台灣50          ,46.75,46.87,46.7,46.7,8202 
50,20130325,元大台灣50          ,47.22,47.22,46.96,47.05,2648 
50,20130326,元大台灣50          ,47.05,47.09,46.96,47.05,1956 
50,20130327,元大台灣50          ,47.09,47.31,46.96,47.18,4540 
50,20130328,元大台灣50          ,47.18,47.22,46.92,47.05,3315 
50,20130329,元大台灣50          ,47.31,47.56,47.18,47.52,5875 
50,20130401,元大台灣50          ,47.52,47.61,47.39,47.44,3729 
50,20130402,元大台灣50          ,47.44,47.52,47.18,47.31,4937 
50,20130403,元大台灣50          ,47.52,47.56,47.35,47.44,2925 
50,20130408,元大台灣50          ,46.96,47,46.44,46.44,18559 
50,20130409,元大台灣50          ,46.57,46.62,46.23,46.31,7681 
50,20130410,元大台灣50          ,46.36,46.53,46.23,46.4,3118 
50,20130411,元大台灣50          ,46.53,46.92,46.53,46.87,9842 
50,20130412,元大台灣50          ,46.92,47,46.75,46.87,2297 
50,20130415,元大台灣50          ,46.79,46.87,46.36,46.49,4111 
50,20130416,元大台灣50          ,46.14,46.57,46.1,46.57,5150 
50,20130417,元大台灣50          ,46.57,46.66,46.44,46.49,4995 
50,20130418,元大台灣50          ,46.18,46.66,46.18,46.44,5605 
50,20130419,元大台灣50          ,46.79,47.87,46.79,47.82,22459 
50,20130422,元大台灣50          ,47.91,48,47.69,47.78,11412 
50,20130423,元大台灣50          ,47.78,47.78,47.39,47.52,3673 
50,20130424,元大台灣50          ,47.74,48.08,47.65,47.91,12432 
50,20130425,元大台灣50          ,47.82,48.08,47.78,48,11885 
50,20130426,元大台灣50          ,48.13,48.47,48.13,48.17,11113 
50,20130429,元大台灣50          ,48.21,48.3,48.08,48.13,8140 
50,20130430,元大台灣50          ,48.51,48.77,48.51,48.64,17616 
50,20130502,元大台灣50          ,48.6,48.86,48.6,48.77,15919 
50,20130503,元大台灣50          ,49.03,49.16,48.86,48.86,13217 
50,20130506,元大台灣50          ,49.16,49.29,49.07,49.07,8575 
50,20130507,元大台灣50          ,49.07,49.33,48.99,49.25,14262 
50,20130508,元大台灣50          ,49.33,50.11,49.33,49.89,21793 
50,20130509,元大台灣50          ,50.2,50.41,50.15,50.2,17797 
50,20130510,元大台灣50          ,50.11,50.15,49.89,49.94,9240 
50,20130513,元大台灣50          ,49.94,50.02,49.68,49.81,6700 
50,20130514,元大台灣50          ,50.02,50.24,49.81,49.94,10934 
50,20130515,元大台灣50          ,50.11,50.11,49.72,49.98,11719 
50,20130516,元大台灣50          ,50.45,50.8,50.37,50.63,32187 
50,20130517,元大台灣50          ,50.54,50.63,50.37,50.37,8651 
50,20130520,元大台灣50          ,50.28,50.45,50.11,50.28,7993 
50,20130521,元大台灣50          ,50.32,50.63,50.15,50.28,6989 
50,20130522,元大台灣50          ,50.58,50.63,50.2,50.24,7429 
50,20130523,元大台灣50          ,49.94,50.02,49.16,49.16,14865 
50,20130524,元大台灣50          ,49.16,49.33,48.82,49.03,6949 
50,20130527,元大台灣50          ,48.99,49.46,48.99,49.46,3285 
50,20130528,元大台灣50          ,49.51,49.55,49.29,49.29,2342 
50,20130529,元大台灣50          ,49.46,49.85,49.46,49.72,7988 
50,20130530,元大台灣50          ,49.51,49.55,49.03,49.12,8823 
50,20130531,元大台灣50          ,49.59,49.76,48.99,49.12,9240 
50,20130603,元大台灣50          ,48.69,48.94,48.51,48.9,6538 
50,20130604,元大台灣50          ,48.9,48.99,48.6,48.82,4243 
50,20130605,元大台灣50          ,48.77,48.94,48.6,48.82,3459 
50,20130606,元大台灣50          ,48.47,48.56,48.08,48.21,15077 
50,20130607,元大台灣50          ,48.25,48.43,48.21,48.34,9058 
50,20130610,元大台灣50          ,48.77,48.9,48.64,48.73,3505 
50,20130611,元大台灣50          ,48.77,48.86,48.51,48.6,4689 
50,20130613,元大台灣50          ,48.21,48.21,47.44,47.44,33023 
50,20130614,元大台灣50          ,47.56,47.56,47.18,47.26,18099 
50,20130617,元大台灣50          ,47.31,47.56,47.26,47.56,5347 
50,20130618,元大台灣50          ,47.56,47.78,47.31,47.78,8771 
50,20130619,元大台灣50          ,47.87,47.87,47.56,47.69,6076 
50,20130620,元大台灣50          ,47.44,47.44,46.75,46.79,25487 
50,20130621,元大台灣50          ,46.66,46.66,45.93,46.23,34639 
50,20130624,元大台灣50          ,46.06,46.14,45.8,46.06,21260 
50,20130625,元大台灣50          ,45.97,46.31,45.67,45.71,19437 
50,20130626,元大台灣50          ,46.23,46.4,45.97,46.31,9915 
50,20130627,元大台灣50          ,46.62,46.87,46.49,46.87,22275 
50,20130628,元大台灣50          ,46.92,47.52,46.83,47.52,13714 
50,20130701,元大台灣50          ,47.26,48.04,47.26,47.95,13788 
50,20130702,元大台灣50          ,48,48.08,47.82,47.87,4672 
50,20130703,元大台灣50          ,47.61,47.78,47.31,47.31,7004 
50,20130704,元大台灣50          ,47.35,47.56,47.26,47.39,4877 
50,20130705,元大台灣50          ,47.65,48.34,47.61,48.34,17674 
50,20130708,元大台灣50          ,48.34,48.34,47.39,47.44,8666 
50,20130709,元大台灣50          ,47.44,48.04,47.39,48,4074 
50,20130710,元大台灣50          ,48.08,48.56,48,48.13,9107 
50,20130711,元大台灣50          ,48.94,49.51,48.9,49.33,30308 
50,20130712,元大台灣50          ,49.33,49.51,49.25,49.46,12910 
50,20130715,元大台灣50          ,49.46,49.76,49.25,49.59,14187 
50,20130716,元大台灣50          ,49.59,49.68,49.46,49.59,9554 
50,20130717,元大台灣50          ,49.51,49.81,49.46,49.68,12990 
50,20130718,元大台灣50          ,49.68,49.72,49.25,49.33,12640 
50,20130719,元大台灣50          ,49.07,49.07,48.08,48.25,24692 
50,20130722,元大台灣50          ,48.43,48.64,48.38,48.43,5257 
50,20130723,元大台灣50          ,48.73,49.33,48.73,49.2,8971 
50,20130724,元大台灣50          ,48.99,49.29,48.99,49.07,4960 
50,20130725,元大台灣50          ,48.99,49.29,48.73,49.16,4111 
50,20130726,元大台灣50          ,49.16,49.51,48.9,49.07,4896 
50,20130729,元大台灣50          ,48.9,49.03,48.51,48.73,5925 
50,20130730,元大台灣50          ,48.94,49.29,48.73,49.12,10121 
50,20130731,元大台灣50          ,49.12,49.12,48.77,48.82,4383 
50,20130801,元大台灣50          ,48.77,48.86,48.34,48.47,7468 
50,20130802,元大台灣50          ,48.82,49.16,48.6,48.77,6840 
50,20130805,元大台灣50          ,48.73,48.99,48.51,48.9,2877 
50,20130806,元大台灣50          ,48.64,48.64,48.08,48.21,20739 
50,20130807,元大台灣50          ,47.91,47.91,47.52,47.52,21061 
50,20130808,元大台灣50          ,47.44,47.52,47.26,47.35,25089 
50,20130809,元大台灣50          ,47.35,47.52,47.13,47.31,25862 
50,20130812,元大台灣50          ,47.44,47.48,47.18,47.44,12024 
50,20130813,元大台灣50          ,47.74,47.91,47.69,47.91,7627 
50,20130814,元大台灣50          ,47.91,47.91,47.52,47.78,11120 
50,20130815,元大台灣50          ,47.31,47.48,47,47.44,17432 
50,20130816,元大台灣50          ,47.13,47.82,47.13,47.65,17785 
50,20130819,元大台灣50          ,47.48,47.52,47.31,47.52,8438 
50,20130820,元大台灣50          ,47.31,47.56,47,47.09,19856 
50,20130822,元大台灣50          ,46.83,46.87,46.44,46.7,30612 
50,20130823,元大台灣50          ,47,47.44,47,47.31,16798 
50,20130826,元大台灣50          ,47.44,47.61,47.22,47.52,6650 
50,20130827,元大台灣50          ,47.44,47.44,47.09,47.09,7339 
50,20130828,元大台灣50          ,46.87,47.22,46.83,47.22,9583 
50,20130829,元大台灣50          ,47.31,47.95,47.31,47.87,12791 
50,20130830,元大台灣50          ,47.95,48.17,47.78,48.17,11435 
50,20130902,元大台灣50          ,48.25,48.64,48.21,48.56,20804 
50,20130903,元大台灣50          ,48.82,48.9,48.64,48.86,20556 
50,20130904,元大台灣50          ,48.73,48.82,48.51,48.77,10480 
50,20130905,元大台灣50          ,48.9,49.12,48.77,49.07,21411 
50,20130906,元大台灣50          ,49.03,49.2,49.03,49.16,22393 
50,20130909,元大台灣50          ,49.16,49.42,48.9,49.33,17058 
50,20130910,元大台灣50          ,49.46,49.68,49.29,49.46,23422 
50,20130911,元大台灣50          ,49.59,49.59,49.25,49.59,20577 
50,20130912,元大台灣50          ,49.51,49.76,49.42,49.63,12988 
50,20130913,元大台灣50          ,49.59,49.68,49.25,49.25,5616 
50,20130914,元大台灣50          ,49.29,49.38,49.2,49.25,6236 
50,20130916,元大台灣50          ,49.55,49.98,49.55,49.85,14816 
50,20130917,元大台灣50          ,49.59,49.81,49.59,49.81,6240 
50,20130918,元大台灣50          ,49.94,50.02,49.63,49.63,14816 
50,20130923,元大台灣50          ,49.63,50.15,49.59,50.02,10272 
50,20130924,元大台灣50          ,50.02,50.11,49.81,50.07,10109 
50,20130925,元大台灣50          ,50.02,50.02,49.68,49.85,4177 
50,20130926,元大台灣50          ,49.76,49.85,49.33,49.38,4355 
50,20130927,元大台灣50          ,49.51,49.63,49.46,49.51,4768 
50,20130930,元大台灣50          ,49.16,49.42,48.94,49.29,16694 
50,20131001,元大台灣50          ,49.16,49.42,49.16,49.29,15431 
50,20131002,元大台灣50          ,49.59,49.59,49.38,49.46,11303 
50,20131003,元大台灣50          ,49.59,50.71,49.55,50.5,23774 
50,20131004,元大台灣50          ,50.45,50.5,50.24,50.41,16689 
50,20131007,元大台灣50          ,50.15,50.15,49.89,49.94,4869 
50,20131008,元大台灣50          ,49.89,50.41,49.85,50.32,9440 
50,20131009,元大台灣50          ,50.11,50.32,50.02,50.2,6006 
50,20131011,元大台灣50          ,50.76,50.84,50.37,50.41,9045 
50,20131014,元大台灣50          ,50.37,50.37,49.98,50.02,6623 
50,20131015,元大台灣50          ,50.41,50.54,50.28,50.45,8042 
50,20131016,元大台灣50          ,50.41,50.54,50.24,50.24,7029 
50,20131017,元大台灣50          ,50.58,50.76,50.41,50.5,5062 
50,20131018,元大台灣50          ,50.58,50.97,50.58,50.93,14818 
50,20131021,元大台灣50          ,50.93,51.01,50.76,50.89,6552 
50,20131022,元大台灣50          ,50.71,50.97,50.54,50.89,7199 
50,20131023,元大台灣50          ,50.97,50.97,50.54,50.63,8639 
50,20131024,元大台灣50          ,50.94,50.94,50.45,50.8,7935 
50,20131025,元大台灣50          ,50.63,50.63,50.19,50.41,11177 
50,20131028,元大台灣50          ,50.45,50.89,50.41,50.76,6936 
50,20131029,元大台灣50          ,50.71,51.02,50.58,50.98,5790 
50,20131030,元大台灣50          ,51.02,51.11,50.89,51.11,4375 
50,20131031,元大台灣50          ,51.07,51.24,50.85,51.11,6045 
50,20131101,元大台灣50          ,51.2,51.29,50.71,50.85,6293 
50,20131104,元大台灣50          ,50.67,50.67,50.41,50.63,6647 
50,20131105,元大台灣50          ,50.54,50.63,50.1,50.14,7879 
50,20131106,元大台灣50          ,50.14,50.23,49.96,50.14,4717 
50,20131107,元大台灣50          ,50.19,50.19,49.88,50.01,4901 
50,20131108,元大台灣50          ,49.96,50.01,49.74,49.83,6209 
50,20131111,元大台灣50          ,49.83,49.88,49.61,49.7,8237 
50,20131112,元大台灣50          ,49.96,49.96,49.61,49.88,6243 
50,20131113,元大台灣50          ,49.66,49.7,49.17,49.21,17168 
50,20131114,元大台灣50          ,49.43,49.52,49.13,49.35,15583 
50,20131115,元大台灣50          ,49.52,49.74,49.35,49.57,12722 
50,20131118,元大台灣50          ,49.74,49.88,49.61,49.83,5565 
50,20131119,元大台灣50          ,49.92,50.19,49.92,50.14,8478 
50,20131120,元大台灣50          ,50.01,50.05,49.74,49.83,9701 
50,20131121,元大台灣50          ,49.52,49.52,48.91,48.95,35062 
50,20131122,元大台灣50          ,48.99,49.17,48.99,48.99,10937 
50,20131125,元大台灣50          ,49.57,49.88,49.57,49.66,10345 
50,20131126,元大台灣50          ,49.43,50.23,49.43,50.05,9878 
50,20131127,元大台灣50          ,50.05,50.36,50.01,50.32,8118 
50,20131128,元大台灣50          ,50.63,50.71,50.49,50.63,11237 
50,20131129,元大台灣50          ,50.63,50.94,50.54,50.8,14720 
50,20131202,元大台灣50          ,50.85,50.94,50.63,50.71,5600 
50,20131203,元大台灣50          ,50.63,50.76,50.45,50.76,7385 
50,20131204,元大台灣50          ,50.54,50.89,50.49,50.71,7401 
50,20131205,元大台灣50          ,50.71,50.76,50.32,50.41,6056 
50,20131206,元大台灣50          ,50.36,50.67,50.23,50.45,4023 
50,20131209,元大台灣50          ,50.8,51.16,50.8,50.89,8645 
50,20131210,元大台灣50          ,50.8,51.11,50.8,51.02,6866 
50,20131211,元大台灣50          ,51.16,51.47,50.89,51.07,10106 
50,20131212,元大台灣50          ,50.85,50.85,50.49,50.67,4216 
50,20131213,元大台灣50          ,50.41,50.67,50.36,50.63,5099 
50,20131216,元大台灣50          ,50.54,50.54,50.05,50.23,6971 
50,20131217,元大台灣50          ,50.45,50.58,50.41,50.49,3090 
50,20131218,元大台灣50          ,50.49,50.49,50.19,50.32,3488 
50,20131219,元大台灣50          ,50.67,50.76,50.45,50.63,6051 
50,20131220,元大台灣50          ,50.63,50.8,50.49,50.71,4317 
50,20131223,元大台灣50          ,50.8,51.2,50.8,51.07,9016 
50,20131224,元大台灣50          ,51.07,51.11,50.94,51.02,5052 
50,20131225,元大台灣50          ,51.11,51.16,50.98,51.07,3321 
50,20131226,元大台灣50          ,51.07,51.16,51.02,51.07,3417 
50,20131227,元大台灣50          ,51.02,51.55,51.02,51.47,12606 
50,20131230,元大台灣50          ,51.51,52.04,51.51,51.91,18118 
50,20131231,元大台灣50          ,52.13,52.13,51.82,51.82,12256 
50,20140102,元大台灣50          ,51.82,51.86,51.51,51.69,10762 
50,20140103,元大台灣50          ,51.6,51.6,50.94,51.07,14509 
50,20140106,元大台灣50          ,50.98,51.16,50.8,50.94,14870 
50,20140107,元大台灣50          ,50.98,51.11,50.94,50.94,13128 
50,20140108,元大台灣50          ,50.94,51.16,50.94,51.02,7605 
50,20140109,元大台灣50          ,50.89,51.02,50.67,50.8,8571 
50,20140110,元大台灣50          ,50.76,50.89,50.76,50.8,4741 
50,20140113,元大台灣50          ,51.2,51.38,51.02,51.11,6179 
50,20140114,元大台灣50          ,50.94,51.07,50.85,51.02,4276 
50,20140115,元大台灣50          ,51.16,51.6,51.16,51.55,11675 
50,20140116,元大台灣50          ,51.64,51.86,51.64,51.69,12771 
50,20140117,元大台灣50          ,51.73,51.82,51.47,51.77,8169 
50,20140120,元大台灣50          ,51.55,51.91,51.55,51.91,5627 
50,20140121,元大台灣50          ,51.86,51.95,51.64,51.69,6963 
50,20140122,元大台灣50          ,51.6,51.77,51.51,51.77,6838 
50,20140123,元大台灣50          ,51.73,51.86,51.51,51.64,6904 
50,20140124,元大台灣50          ,51.47,51.91,51.47,51.77,10706 
50,20140127,元大台灣50          ,51.29,51.38,50.71,50.85,21325 
50,20140205,元大台灣50          ,49.79,49.79,49.08,49.26,57559 
50,20140206,元大台灣50          ,49.39,49.61,49.26,49.43,12853 
50,20140207,元大台灣50          ,49.79,50.05,49.7,49.96,16027 
50,20140210,元大台灣50          ,50.23,50.23,49.96,49.96,6020 
50,20140211,元大台灣50          ,49.96,50.27,49.96,50.27,5582 
50,20140212,元大台灣50          ,50.45,50.8,50.45,50.8,18604 
50,20140213,元大台灣50          ,50.71,50.8,50.63,50.67,8235 
50,20140214,元大台灣50          ,50.94,51.38,50.94,51.16,22328 
50,20140217,元大台灣50          ,51.29,51.42,51.16,51.16,15434 
50,20140218,元大台灣50          ,51.16,51.33,51.02,51.33,13088 
50,20140219,元大台灣50          ,51.29,51.38,51.24,51.33,13366 
50,20140220,元大台灣50          ,51.24,51.24,50.85,50.89,13737 
50,20140221,元大台灣50          ,51.55,51.6,51.38,51.38,17317 
50,20140224,元大台灣50          ,51.55,51.6,51.02,51.11,7368 
50,20140225,元大台灣50          ,51.42,51.42,51.16,51.33,8621 
50,20140226,元大台灣50          ,51.2,51.64,51.16,51.55,8953 
50,20140227,元大台灣50          ,51.47,51.6,51.47,51.47,3676 
50,20140303,元大台灣50          ,51.02,51.33,50.76,51.16,8020 
50,20140304,元大台灣50          ,51.11,51.2,50.94,50.94,6185 
50,20140305,元大台灣50          ,51.38,51.6,51.38,51.47,6901 
50,20140306,元大台灣50          ,51.51,52.26,51.51,52.22,26226 
50,20140307,元大台灣50          ,52.35,52.79,52.35,52.44,30394 
50,20140310,元大台灣50          ,52.35,52.44,52.04,52.13,7930 
50,20140311,元大台灣50          ,52.3,52.48,52.22,52.39,4967 
50,20140312,元大台灣50          ,51.95,52.08,51.86,51.91,2671 
50,20140313,元大台灣50          ,52.3,52.79,52.3,52.75,25692 
50,20140314,元大台灣50          ,52.22,52.35,52.17,52.22,13449 
50,20140317,元大台灣50          ,52.22,52.26,51.99,52.13,8983 
50,20140318,元大台灣50          ,52.44,52.52,52.26,52.44,14863 
50,20140319,元大台灣50          ,52.44,52.48,52.04,52.3,9855 
50,20140320,元大台灣50          ,51.82,51.82,51.47,51.64,18482 
50,20140321,元大台灣50          ,51.77,51.77,51.55,51.64,4142 
50,20140324,元大台灣50          ,51.6,51.77,51.42,51.77,11346 
50,20140325,元大台灣50          ,51.64,52.22,51.64,52.22,4915 
50,20140326,元大台灣50          ,52.48,52.7,52.39,52.7,9980 
50,20140327,元大台灣50          ,52.52,52.83,52.48,52.79,11258 
50,20140328,元大台灣50          ,52.83,53.05,52.79,52.88,20164 
50,20140331,元大台灣50          ,53.01,53.1,52.88,53.05,17186 
50,20140401,元大台灣50          ,53.19,53.5,53.14,53.5,28836 
50,20140402,元大台灣50          ,53.67,53.98,53.67,53.67,19104 
50,20140403,元大台灣50          ,53.67,53.8,53.54,53.54,12620 
50,20140407,元大台灣50          ,53.32,53.41,53.23,53.41,11380 
50,20140408,元大台灣50          ,53.36,53.76,53.36,53.67,14011 
50,20140409,元大台灣50          ,53.67,53.94,53.67,53.85,12067 
50,20140410,元大台灣50          ,54.07,54.11,53.76,54.03,13486 
50,20140411,元大台灣50          ,53.67,53.98,53.67,53.98,15019 
50,20140414,元大台灣50          ,53.94,54.03,53.76,53.89,13397 
50,20140415,元大台灣50          ,54.03,54.25,54.03,54.16,13893 
50,20140416,元大台灣50          ,54.16,54.29,53.94,54.11,7049 
50,20140417,元大台灣50          ,54.11,54.2,53.94,53.98,3531 
50,20140418,元大台灣50          ,54.51,54.64,54.29,54.33,7072 
50,20140421,元大台灣50          ,54.25,54.42,54.25,54.33,3405 
50,20140422,元大台灣50          ,54.33,54.69,54.33,54.51,9137 
50,20140423,元大台灣50          ,54.6,54.78,54.29,54.42,5487 
50,20140424,元大台灣50          ,54.47,54.55,54.38,54.51,4518 
50,20140425,元大台灣50          ,54.42,54.55,53.5,53.58,22903 
50,20140428,元大台灣50          ,53.23,54.29,53.23,54.07,8482 
50,20140429,元大台灣50          ,54.07,54.29,53.94,54.16,6518 
50,20140430,元大台灣50          ,54.2,54.25,53.67,53.85,5598 
50,20140502,元大台灣50          ,53.98,54.42,53.98,54.11,7646 
50,20140505,元大台灣50          ,54.33,54.38,53.85,54.03,6845 
50,20140506,元大台灣50          ,54.29,54.51,53.94,54.33,10313 
50,20140507,元大台灣50          ,54.29,54.38,54.03,54.2,7877 
50,20140508,元大台灣50          ,54.38,54.6,54.2,54.6,3831 
50,20140509,元大台灣50          ,54.47,54.6,54.25,54.25,3932 
50,20140512,元大台灣50          ,54.29,54.29,53.94,53.98,3933 
50,20140513,元大台灣50          ,54.38,54.51,54.16,54.25,5610 
50,20140514,元大台灣50          ,54.38,54.55,54.25,54.55,10739 
50,20140515,元大台灣50          ,54.51,54.6,54.33,54.51,8903 
50,20140516,元大台灣50          ,54.42,54.6,54.2,54.6,9138 
50,20140519,元大台灣50          ,54.6,54.73,54.55,54.6,7165 
50,20140520,元大台灣50          ,54.64,55,54.64,54.82,9946 
50,20140521,元大台灣50          ,54.73,54.91,54.51,54.55,6524 
50,20140522,元大台灣50          ,54.73,55.31,54.69,55.31,14665 
50,20140523,元大台灣50          ,55.48,55.53,55.31,55.39,13448 
50,20140526,元大台灣50          ,55.48,55.7,55.48,55.66,8643 
50,20140527,元大台灣50          ,55.66,55.79,55.57,55.7,8034 
50,20140528,元大台灣50          ,55.75,56.32,55.75,56.23,11647 
50,20140529,元大台灣50          ,56.23,56.23,55.97,55.97,9544 
50,20140530,元大台灣50          ,55.97,56.01,55.7,55.7,6715 
50,20140603,元大台灣50          ,55.75,56.01,55.44,55.75,5110 
50,20140604,元大台灣50          ,55.97,56.1,55.88,55.97,3390 
50,20140605,元大台灣50          ,55.88,55.97,55.7,55.97,1703 
50,20140606,元大台灣50          ,56.19,56.28,55.97,56.1,3489 
50,20140609,元大台灣50          ,56.14,56.36,56.14,56.32,3894 
50,20140610,元大台灣50          ,56.36,56.76,56.36,56.67,6843 
50,20140611,元大台灣50          ,56.67,56.72,56.54,56.63,5038 
50,20140612,元大台灣50          ,56.5,56.59,56.41,56.5,4508 
50,20140613,元大台灣50          ,56.41,56.41,56.23,56.36,3322 
50,20140616,元大台灣50          ,56.36,56.5,56.14,56.41,2605 
50,20140617,元大台灣50          ,56.41,56.89,56.36,56.81,3853 
50,20140618,元大台灣50          ,56.85,57.2,56.76,56.94,9534 
50,20140619,元大台灣50          ,57.07,57.42,56.98,57.34,9933 
50,20140620,元大台灣50          ,57.34,57.47,57.11,57.16,3557 
50,20140623,元大台灣50          ,57.2,57.38,57.03,57.11,13750 
50,20140624,元大台灣50          ,57.25,57.42,57.11,57.2,7963 
50,20140625,元大台灣50          ,57.07,57.2,57.03,57.07,7516 
50,20140626,元大台灣50          ,57.16,57.73,57.16,57.69,9208 
50,20140627,元大台灣50          ,57.69,57.69,56.94,57.69,9225 
50,20140630,元大台灣50          ,57.64,58.26,57.56,58.22,7584 
50,20140701,元大台灣50          ,58.22,58.92,58.13,58.75,9614 
50,20140702,元大台灣50          ,58.97,59.63,58.84,59.23,11640 
50,20140703,元大台灣50          ,59.23,59.85,59.06,59.76,8115 
50,20140704,元大台灣50          ,59.85,59.94,59.45,59.76,7081 
50,20140707,元大台灣50          ,59.59,59.76,59.41,59.67,5515 
50,20140708,元大台灣50          ,59.85,59.94,59.67,59.81,5506 
50,20140709,元大台灣50          ,59.72,59.9,59.59,59.9,3129 
50,20140710,元大台灣50          ,59.85,60.43,59.85,60.34,5627 
50,20140711,元大台灣50          ,60.34,60.65,60.16,60.29,7800 
50,20140714,元大台灣50          ,60.25,60.73,60.25,60.65,3077 
50,20140715,元大台灣50          ,60.87,60.95,60.69,60.87,3956 
50,20140716,元大台灣50          ,60.87,60.91,60.12,60.34,5002 
50,20140717,元大台灣50          ,59.98,60.03,59.41,59.59,8012 
50,20140718,元大台灣50          ,59.19,59.67,59.15,59.59,6375 
50,20140721,元大台灣50          ,59.81,59.98,59.59,59.59,5309 
50,20140722,元大台灣50          ,59.76,60.2,59.59,60.12,4156 
50,20140724,元大台灣50          ,60.29,60.38,60.12,60.38,3849 
50,20140725,元大台灣50          ,60.38,60.38,59.54,59.72,5548 
50,20140728,元大台灣50          ,59.54,59.85,59.41,59.59,2764 
50,20140729,元大台灣50          ,59.81,59.98,59.32,59.54,7204 
50,20140730,元大台灣50          ,59.54,59.98,59.54,59.9,2800 
50,20140731,元大台灣50          ,59.9,59.9,58.79,58.92,11131 
50,20140801,元大台灣50          ,58.22,58.53,58.17,58.48,12831 
50,20140804,元大台灣50          ,58.44,58.88,58.35,58.79,3754 
50,20140805,元大台灣50          ,58.62,58.62,57.47,57.6,19581 
50,20140806,元大台灣50          ,57.64,58.04,57.42,58,6860 
50,20140807,元大台灣50          ,58.04,58.17,57.73,58,6005 
50,20140808,元大台灣50          ,57.78,58,57.42,58,14251 
50,20140811,元大台灣50          ,58.26,58.39,58.04,58.31,8083 
50,20140812,元大台灣50          ,58.26,58.53,58.13,58.35,4360 
50,20140813,元大台灣50          ,58.39,58.92,58.31,58.92,5217 
50,20140814,元大台灣50          ,59.15,59.37,59.1,59.23,5985 
50,20140815,元大台灣50          ,59.23,59.37,58.92,59.23,3889 
50,20140818,元大台灣50          ,59.23,59.23,58.79,59.06,2431 
50,20140819,元大台灣50          ,59.41,59.81,59.15,59.81,6729 
50,20140820,元大台灣50          ,59.76,60.07,59.76,60.03,8462 
50,20140821,元大台灣50          ,60.03,60.12,59.85,59.94,3052 
50,20140822,元大台灣50          ,60.12,60.87,60.12,60.69,7540 
50,20140825,元大台灣50          ,60.69,60.82,60.56,60.6,2955 
50,20140826,元大台灣50          ,60.56,60.73,60.51,60.56,1734 
50,20140827,元大台灣50          ,60.87,61.26,60.87,61.13,7614 
50,20140828,元大台灣50          ,61.13,61.31,61.09,61.22,3895 
50,20140829,元大台灣50          ,60.95,61.18,60.78,61.09,2432 
50,20140901,元大台灣50          ,61.13,61.75,61.13,61.62,5273 
50,20140902,元大台灣50          ,61.53,61.53,60.56,60.69,17741 
50,20140903,元大台灣50          ,60.82,61.31,60.78,61.13,6908 
50,20140904,元大台灣50          ,60.91,61.04,60.73,60.91,5388 
50,20140905,元大台灣50          ,61.18,61.18,60.6,60.91,7409 
50,20140909,元大台灣50          ,61.26,61.35,61.13,61.13,7410 
50,20140910,元大台灣50          ,60.87,60.87,60.07,60.6,17854 
50,20140911,元大台灣50          ,60.65,60.65,60.38,60.38,8677 
50,20140912,元大台灣50          ,60.38,60.38,59.67,59.81,19509 
50,20140915,元大台灣50          ,59.28,59.81,59.28,59.81,13125 
50,20140916,元大台灣50          ,59.72,59.72,59.28,59.32,18030 
50,20140917,元大台灣50          ,59.59,60.2,59.54,59.76,16515 
50,20140918,元大台灣50          ,59.76,60.07,59.67,59.9,16231 
50,20140919,元大台灣50          ,60.2,60.25,59.9,60.03,12117 
50,20140922,元大台灣50          ,59.45,59.45,58.75,59.1,27057 
50,20140923,元大台灣50          ,59.06,59.15,58.84,58.97,14803 
50,20140924,元大台灣50          ,58.75,58.97,58.53,58.75,25198 
50,20140925,元大台灣50          ,58.88,59.01,58,58.22,23056 
50,20140926,元大台灣50          ,57.82,58.13,57.6,57.91,23172 
50,20140929,元大台灣50          ,57.95,58,57.56,57.73,17179 
50,20140930,元大台灣50          ,57.64,57.95,57.07,57.64,20703 
50,20141001,元大台灣50          ,57.42,57.95,57.25,57.82,17507 
50,20141002,元大台灣50          ,57.38,58.04,57.29,57.82,11487 
50,20141003,元大台灣50          ,58.09,58.88,57.91,58.88,16238 
50,20141006,元大台灣50          ,58.84,58.88,58.39,58.84,6657 
50,20141007,元大台灣50          ,58.48,58.48,58,58.35,11314 
50,20141008,元大台灣50          ,58.09,58.31,58,58,8106 
50,20141009,元大台灣50          ,58.35,58.66,58,58.26,15003 
50,20141013,元大台灣50          ,56.63,56.98,56.32,56.5,19670 
50,20141014,元大台灣50          ,56.5,57.03,56.5,56.98,12914 
50,20141015,元大台灣50          ,56.89,57.2,56.45,56.59,14412 
50,20141016,元大台灣50          ,56.19,56.81,55.83,56.5,24720 
50,20141017,元大台灣50          ,56.72,56.85,55.92,55.92,15739 
50,20141020,元大台灣50          ,56.72,57.03,56.41,57.03,10883 
50,20141021,元大台灣50          ,56.85,56.98,56.67,56.76,7237 
50,20141022,元大台灣50          ,57.47,57.78,57.38,57.64,9342 
50,20141023,元大台灣50          ,57.64,57.64,57.38,57.42,7088 
50,20141024,元大台灣50          ,57.74,57.74,56.79,57.02,22503 
50,20141027,元大台灣50          ,57.33,57.38,56.97,57.2,8078 
50,20141028,元大台灣50          ,57.88,58.19,57.88,58.19,11178 
50,20141029,元大台灣50          ,58.42,58.78,58.33,58.78,9403 
50,20141030,元大台灣50          ,58.64,58.73,58.37,58.6,9083 
50,20141031,元大台灣50          ,58.78,59.05,58.51,59.05,16609 
50,20141103,元大台灣50          ,59.05,59.59,59.05,59.32,10607 
50,20141104,元大台灣50          ,59.46,59.73,59.28,59.37,11030 
50,20141105,元大台灣50          ,59.5,59.55,59.1,59.23,10539 
50,20141106,元大台灣50          ,59.28,59.41,58.73,58.87,21140 
50,20141107,元大台灣50          ,58.78,59.01,58.51,58.96,10652 
50,20141110,元大台灣50          ,59.14,59.96,59.01,59.82,16374 
50,20141111,元大台灣50          ,59.91,60,59.64,59.64,15092 
50,20141112,元大台灣50          ,59.46,59.55,58.69,58.78,18800 
50,20141113,元大台灣50          ,58.78,59.37,58.78,59.37,10844 
50,20141114,元大台灣50          ,59.05,59.5,59.05,59.41,11059 
50,20141117,元大台灣50          ,59.73,59.77,58.6,58.87,17461 
50,20141118,元大台灣50          ,59.05,59.32,58.6,58.69,9940 
50,20141119,元大台灣50          ,58.92,59.77,58.92,59.55,18485 
50,20141120,元大台灣50          ,59.73,60.32,59.73,60.23,20762 
50,20141121,元大台灣50          ,60.23,60.41,60.09,60.27,11947 
50,20141124,元大台灣50          ,60.5,60.77,60.36,60.41,13197 
50,20141125,元大台灣50          ,60.27,60.63,60.09,60.45,13192 
50,20141126,元大台灣50          ,60.36,60.5,60.27,60.45,8909 
50,20141127,元大台灣50          ,60.72,61.36,60.72,61.04,16528 
50,20141128,元大台灣50          ,61.09,61.22,60.91,61.04,9382 
50,20141201,元大台灣50          ,59.96,61,59.82,60.41,21282 
50,20141202,元大台灣50          ,60,60.14,59.37,59.5,19739 
50,20141203,元大台灣50          ,59.5,60.59,59.41,60.45,11865 
50,20141204,元大台灣50          ,60.81,61,60.68,60.68,11366 
50,20141205,元大台灣50          ,60.68,60.68,60.36,60.45,4318 
50,20141208,元大台灣50          ,60.63,60.63,60,60,7633 
50,20141209,元大台灣50          ,59.91,59.96,59.68,59.87,4620 
50,20141210,元大台灣50          ,59.64,59.82,58.92,59.05,12851 
50,20141211,元大台灣50          ,58.83,59.1,58.51,59.01,6920 
50,20141212,元大台灣50          ,59.01,59.23,58.92,59.05,4477 
50,20141215,元大台灣50          ,58.55,58.87,58.33,58.87,10562 
50,20141216,元大台灣50          ,58.6,58.78,58.37,58.37,12711 
50,20141217,元大台灣50          ,58.37,58.37,57.33,57.47,19575 
50,20141218,元大台灣50          ,57.83,57.97,57.56,57.6,8593 
50,20141219,元大台灣50          ,58.51,59.05,58.42,58.96,17192 
50,20141222,元大台灣50          ,59.1,59.68,59.05,59.68,7443 
50,20141223,元大台灣50          ,59.82,59.96,59.46,59.5,5242 
50,20141224,元大台灣50          ,59.59,60.05,59.55,59.96,6957 
50,20141225,元大台灣50          ,60,60.05,59.82,59.96,4417 
50,20141226,元大台灣50          ,60,60.14,59.87,60.09,21313 
50,20141227,元大台灣50          ,60.36,60.36,60.09,60.23,3791 
50,20141229,元大台灣50          ,60.23,60.86,60.18,60.77,11101 
50,20141230,元大台灣50          ,60.72,61,60.45,60.45,8583 
50,20141231,元大台灣50          ,60.41,60.59,60.23,60.45,7418 
50,20150105,元大台灣50          ,60.05,60.36,59.68,60.18,6295 
50,20150106,元大台灣50          ,59.46,59.46,58.55,58.69,19501 
50,20150107,元大台灣50          ,58.51,59.01,58.51,58.78,6991 
50,20150108,元大台灣50          ,59.23,60.23,59.23,60.14,13153 
50,20150109,元大台灣50          ,60.5,60.54,59.73,59.82,5891 
50,20150112,元大台灣50          ,59.5,59.82,59.37,59.46,9060 
50,20150113,元大台灣50          ,59.32,60.05,59.14,59.64,6151 
50,20150114,元大台灣50          ,59.68,59.73,59.14,59.32,7205 
50,20150115,元大台灣50          ,59.37,59.64,59.1,59.5,3525 
50,20150116,元大台灣50          ,59.91,60.05,59.1,59.23,9317 
50,20150119,元大台灣50          ,59.96,60.36,59.73,59.91,17591 
50,20150120,元大台灣50          ,60.14,60.5,60,60.36,10097 
50,20150121,元大台灣50          ,60.77,60.86,60.59,60.81,17556 
50,20150122,元大台灣50          ,61.04,61.4,61,61.13,16125 
50,20150123,元大台灣50          ,61.72,62.13,61.72,62.13,35859 
50,20150126,元大台灣50          ,61.99,62.26,61.9,62.13,20460 
50,20150127,元大台灣50          ,62.4,62.62,62.22,62.53,36217 
50,20150128,元大台灣50          ,62.22,62.58,62.22,62.53,35993 
50,20150129,元大台灣50          ,62.44,62.44,61.63,61.76,19790 
50,20150130,元大台灣50          ,62.04,62.04,61.49,61.49,4264 
50,20150202,元大台灣50          ,61.67,61.81,61.4,61.63,5810 
50,20150203,元大台灣50          ,61.81,62.26,61.58,62.08,16645 
50,20150204,元大台灣50          ,62.58,62.85,62.44,62.76,20357 
50,20150205,元大台灣50          ,62.44,62.62,62.22,62.49,4783 
50,20150206,元大台灣50          ,62.49,62.58,62.08,62.17,4107 
50,20150209,元大台灣50          ,62.17,62.17,61.72,61.95,3512 
50,20150210,元大台灣50          ,61.9,61.95,61.67,61.72,8023 
50,20150211,元大台灣50          ,62.13,62.62,62.13,62.4,7199 
50,20150212,元大台灣50          ,62.4,62.58,62.22,62.4,9310 
50,20150213,元大台灣50          ,62.71,62.99,62.71,62.8,7599 
50,20150224,元大台灣50          ,63.26,63.71,63.26,63.53,14549 
50,20150225,元大台灣50          ,63.93,64.12,63.8,64.03,23253 
50,20150226,元大台灣50          ,63.8,63.89,63.35,63.57,8688 
50,20150302,元大台灣50          ,63.57,63.8,63.08,63.3,6589 
50,20150303,元大台灣50          ,63.35,63.39,62.85,63.21,5067 
50,20150304,元大台灣50          ,62.89,63.35,62.85,63.26,6414 
50,20150305,元大台灣50          ,63.26,63.3,62.71,63.03,3761 
50,20150306,元大台灣50          ,62.89,63.21,62.67,63.12,3067 
50,20150309,元大台灣50          ,62.8,62.85,62.31,62.49,7464 
50,20150310,元大台灣50          ,62.4,62.44,62.04,62.35,6958 
50,20150311,元大台灣50          ,61.81,62.53,61.76,62.44,10039 
50,20150312,元大台灣50          ,62.26,62.99,62.22,62.99,5710 
50,20150313,元大台灣50          ,62.99,63.08,62.8,62.8,4527 
50,20150316,元大台灣50          ,62.71,62.71,62.26,62.31,6079 
50,20150317,元大台灣50          ,62.58,63.08,62.4,62.53,7096 
50,20150318,元大台灣50          ,62.58,63.44,62.58,63.21,18621 
50,20150319,元大台灣50          ,63.75,64.12,63.53,63.89,12488 
50,20150320,元大台灣50          ,63.89,63.89,63.66,63.8,4499 
50,20150323,元大台灣50          ,63.8,64.12,63.71,63.98,7600 
50,20150324,元大台灣50          ,63.8,64.07,63.62,63.75,4504 
50,20150325,元大台灣50          ,63.75,63.84,63.39,63.53,4458 
50,20150326,元大台灣50          ,62.76,63.03,62.53,62.76,9508 
50,20150327,元大台灣50          ,62.76,62.76,62.08,62.17,10014 
50,20150330,元大台灣50          ,62.17,62.31,61.99,62.22,10353 
50,20150331,元大台灣50          ,62.4,62.62,62.22,62.44,7643 
50,20150401,元大台灣50          ,62.13,62.26,61.95,62.08,8234 
50,20150402,元大台灣50          ,62.31,63.08,62.31,62.85,7800 
50,20150407,元大台灣50          ,62.89,63.03,62.71,62.94,3447 
50,20150408,元大台灣50          ,62.94,62.94,62.26,62.4,5069 
50,20150409,元大台灣50          ,62.4,63.17,62.35,62.49,6205 
50,20150410,元大台灣50          ,63.03,63.12,62.8,62.99,4600 
50,20150413,元大台灣50          ,63.21,63.26,62.99,63.17,4199 
50,20150414,元大台灣50          ,63.17,63.17,62.85,62.85,4562 
50,20150415,元大台灣50          ,62.62,62.85,61.85,62.08,17266 
50,20150416,元大台灣50          ,62.35,63.03,62.31,63.03,15774 
50,20150417,元大台灣50          ,62.89,62.89,62.31,62.44,9237 
50,20150420,元大台灣50          ,62.13,62.53,61.99,62.35,9571 
50,20150421,元大台灣50          ,62.44,62.67,62.26,62.35,2864 
50,20150422,元大台灣50          ,62.67,63.12,62.62,62.99,11311 
50,20150423,元大台灣50          ,63.48,64.66,63.44,64.66,24334 
50,20150424,元大台灣50          ,64.84,65.88,64.84,65.29,26527 
50,20150427,元大台灣50          ,66.01,66.29,65.65,65.79,13281 
50,20150428,元大台灣50          ,65.88,66.11,65.43,65.65,16465 
50,20150429,元大台灣50          ,65.56,65.74,64.75,64.93,10074 
50,20150430,元大台灣50          ,64.75,64.93,64.34,64.61,6780 
50,20150504,元大台灣50          ,64.61,64.79,64.07,64.75,5381 
50,20150505,元大台灣50          ,64.57,64.57,64.12,64.39,6801 
50,20150506,元大台灣50          ,64.03,64.57,63.75,64.48,6603 
50,20150507,元大台灣50          ,64.03,64.03,63.44,63.71,10204 
50,20150508,元大台灣50          ,63.71,63.89,63.71,63.75,5647 
50,20150511,元大台灣50          ,64.21,64.39,63.57,64.07,11222 
50,20150512,元大台灣50          ,63.84,64.07,63.8,63.93,9064 
50,20150513,元大台灣50          ,63.93,64.39,63.93,64.3,6874 
50,20150514,元大台灣50          ,64.07,64.16,63.3,63.39,16520 
50,20150515,元大台灣50          ,63.57,63.62,63.03,63.3,11642 
50,20150518,元大台灣50          ,63.35,63.57,63.3,63.53,3248 
50,20150519,元大台灣50          ,63.66,64.61,63.66,64.48,8458 
50,20150520,元大台灣50          ,64.43,64.43,64.03,64.03,7530 
50,20150521,元大台灣50          ,63.44,63.48,63.08,63.44,11567 
50,20150522,元大台灣50          ,63.48,64.16,63.48,63.93,6152 
50,20150525,元大台灣50          ,63.71,64.16,63.57,63.93,2391 
50,20150526,元大台灣50          ,64.39,64.75,64.03,64.21,7521 
50,20150527,元大台灣50          ,64.07,64.48,63.93,64.34,5812 
50,20150528,元大台灣50          ,64.88,65.02,64.43,64.66,5790 
50,20150529,元大台灣50          ,64.84,64.84,64.25,64.3,4900 
50,20150601,元大台灣50          ,64.3,64.34,63.53,63.75,7850 
50,20150602,元大台灣50          ,63.71,63.75,63.3,63.66,4867 
50,20150603,元大台灣50          ,63.57,63.66,63.21,63.26,6558 
50,20150604,元大台灣50          ,63.12,63.21,61.81,62.04,28182 
50,20150605,元大台灣50          ,61.95,62.04,61.67,61.9,15106 
50,20150608,元大台灣50          ,61.76,62.44,61.49,62.31,9094 
50,20150609,元大台灣50          ,61.95,62.04,61.49,61.81,18429 
50,20150610,元大台灣50          ,61.99,62.31,61.9,62.08,8666 
50,20150611,元大台灣50          ,62.22,62.31,61.85,62.26,7352 
50,20150612,元大台灣50          ,62.31,62.4,61.9,62.22,3175 
50,20150615,元大台灣50          ,62.22,62.4,61.95,62.08,3761 
50,20150616,元大台灣50          ,62.08,62.08,61.54,61.67,8681 
50,20150617,元大台灣50          ,61.67,62.17,61.67,61.95,5564 
50,20150618,元大台灣50          ,61.9,61.99,61.67,61.85,10688 
50,20150622,元大台灣50          ,62.17,62.76,62.17,62.71,11310 
50,20150623,元大台灣50          ,62.89,63.17,62.71,62.89,5311 
50,20150624,元大台灣50          ,62.94,63.03,62.76,62.99,6127 
50,20150625,元大台灣50          ,63.3,63.89,63.3,63.71,13815 
50,20150626,元大台灣50          ,63.71,63.71,63.44,63.71,4926 
50,20150629,元大台灣50          ,62.71,62.94,62.17,62.22,11576 
50,20150630,元大台灣50          ,62.22,62.76,62.22,62.76,4093 
50,20150701,元大台灣50          ,62.76,63.57,62.62,63.35,6063 
50,20150702,元大台灣50          ,63.48,63.53,63.17,63.39,4340 
50,20150703,元大台灣50          ,63.3,63.48,62.62,63.39,7762 
50,20150706,元大台灣50          ,62.89,63.35,62.58,62.67,7584 
50,20150707,元大台灣50          ,62.99,63.39,62.8,62.94,4706 
50,20150708,元大台灣50          ,62.58,62.58,61,61.04,37899 
50,20150709,元大台灣50          ,60.41,60.91,59.77,60.68,33083 
50,20150713,元大台灣50          ,61.49,61.58,60.77,61.58,15806 
50,20150714,元大台灣50          ,61.76,62.13,61.54,61.58,9618 
50,20150715,元大台灣50          ,61.76,62.08,61.49,61.72,8865 
50,20150716,元大台灣50          ,62.04,62.35,61.67,62.04,6939 
50,20150717,元大台灣50          ,61.81,62.08,61.76,61.95,3432 
50,20150720,元大台灣50          ,62.4,62.58,61.31,61.49,7832 
50,20150721,元大台灣50          ,61.81,62.08,61.49,62.08,3363 
50,20150722,元大台灣50          ,61.67,61.76,61.22,61.31,14139 
50,20150723,元大台灣50          ,61.04,61.36,60.45,60.72,20981 
50,20150724,元大台灣50          ,60.63,60.81,60.14,60.36,19922 
50,20150727,元大台灣50          ,60.05,60.18,59.28,59.5,28446 
50,20150728,元大台灣50          ,59.46,59.96,59.23,59.55,17518 
50,20150729,元大台灣50          ,59.59,59.59,58.87,59.14,18492 
50,20150730,元大台灣50          ,59.32,60.18,59.28,60.14,7473 
50,20150731,元大台灣50          ,60.14,60.18,59.5,59.82,11169 
50,20150803,元大台灣50          ,59.59,59.59,58.69,59.01,15758 
50,20150804,元大台灣50          ,59.23,59.68,58.78,59.05,12310 
50,20150805,元大台灣50          ,59.28,59.68,59.05,59.41,9875 
50,20150806,元大台灣50          ,59.68,59.73,58.37,58.78,23620 
50,20150807,元大台灣50          ,58.33,58.78,58.06,58.51,6898 
50,20150810,元大台灣50          ,58.42,58.55,57.88,58.37,10082 
50,20150811,元大台灣50          ,59.05,59.5,58.24,58.37,17411 
50,20150812,元大台灣50          ,58.1,58.28,56.97,57.38,24218 
50,20150813,元大台灣50          ,57.38,57.79,57.29,57.47,16147 
50,20150814,元大台灣50          ,57.38,57.65,57.11,57.24,8405 
50,20150817,元大台灣50          ,57.24,57.24,56.7,56.88,13852 
50,20150818,元大台灣50          ,56.97,57.24,56.47,56.56,9841 
50,20150819,元大台灣50          ,56.43,56.52,55.43,55.71,17595 
50,20150820,元大台灣50          ,55.39,55.93,55.12,55.52,19329 
50,20150821,元大台灣50          ,54.8,54.94,54.08,54.08,28076 
50,20150824,元大台灣50          ,53.44,53.44,50.1,52,61317 
50,20150825,元大台灣50          ,52,54.26,52,54.26,43487 
50,20150826,元大台灣50          ,53.63,54.71,53.04,54.58,17123 
50,20150827,元大台灣50          ,54.8,54.85,54.26,54.39,18326 
50,20150828,元大台灣50          ,55.16,55.98,55.16,55.89,18684 
50,20150831,元大台灣50          ,55.43,56.38,55.34,56.34,18957 
50,20150901,元大台灣50          ,55.98,56.61,55.62,55.84,12340 
50,20150902,元大台灣50          ,55.25,56.34,55.12,56.16,18170 
50,20150903,元大台灣50          ,56.38,56.43,55.71,56.2,7543 
50,20150904,元大台灣50          ,56.2,56.56,55.48,55.48,15808 
50,20150907,元大台灣50          ,55.43,56.34,55.25,55.39,10155 
50,20150908,元大台灣50          ,55.62,55.75,55.25,55.57,9642 
50,20150909,元大台灣50          ,56.66,58.01,56.66,58.01,24002 
50,20150910,元大台灣50          ,57.7,57.7,57.11,57.38,10184 
50,20150911,元大台灣50          ,57.24,57.6,57.02,57.42,7961 
50,20150914,元大台灣50          ,57.79,57.88,57.2,57.56,4389 
50,20150915,元大台灣50          ,57.65,57.74,57.02,57.11,5767 
50,20150916,元大台灣50          ,57.56,57.88,57.33,57.79,7422 
50,20150917,元大台灣50          ,58.33,58.92,58.33,58.78,12909 
50,20150918,元大台灣50          ,58.78,58.78,58.37,58.64,3507 
50,20150921,元大台灣50          ,57.92,57.97,57.15,57.38,9987 
50,20150922,元大台灣50          ,57.47,57.83,57.47,57.7,4330 
50,20150923,元大台灣50          ,57.15,57.15,56.25,56.38,10045 
50,20150924,元大台灣50          ,56.56,56.84,55.98,56.07,7364 
50,20150925,元大台灣50          ,56.2,56.38,55.71,56.29,5982 
50,20150930,元大台灣50          ,55.57,56.61,55.57,56.43,8574 
50,20151001,元大台灣50          ,56.61,57.6,56.25,57.51,11986 
50,20151002,元大台灣50          ,57.29,57.51,57.06,57.2,7571 
50,20151005,元大台灣50          ,57.7,57.88,57.2,57.33,5383 
50,20151006,元大台灣50          ,58.01,58.51,57.74,57.79,8300 
50,20151007,元大台灣50          ,57.79,58.64,57.79,58.64,8637 
50,20151008,元大台灣50          ,58.87,59.05,58.42,58.51,12360 
50,20151012,元大台灣50          ,58.83,59.59,58.83,59.28,17465 
50,20151013,元大台灣50          ,59.32,59.37,58.92,59.05,7489 
50,20151014,元大台灣50          ,59.05,59.05,58.73,58.83,7135 
50,20151015,元大台灣50          ,59.37,60,59.37,59.68,14357 
50,20151016,元大台灣50          ,59.64,59.68,59.32,59.46,8189 
50,20151019,元大台灣50          ,59.68,59.87,59.41,59.64,7411 
50,20151020,元大台灣50          ,59.68,59.77,59.5,59.64,4526 
50,20151021,元大台灣50          ,59.77,59.82,59.14,59.23,11498 
50,20151022,元大台灣50          ,59.05,59.32,59.01,59.23,8066 
50,20151023,元大台灣50          ,59.87,60.14,59.55,59.59,20687 
50,20151026,元大台灣50          ,60.15,60.48,60.11,60.2,12082 
50,20151027,元大台灣50          ,60.15,60.2,59.64,59.87,5723 
50,20151028,元大台灣50          ,59.87,59.92,59.31,59.45,5075 
50,20151029,元大台灣50          ,59.78,59.97,58.85,59.03,8413 
50,20151030,元大台灣50          ,59.03,59.17,58.57,58.94,5991 
50,20151102,元大台灣50          ,58.85,59.13,58.38,59.03,4831 
50,20151103,元大台灣50          ,59.5,60.06,59.5,59.97,9293 
50,20151104,元大台灣50          ,60.39,61.18,60.34,61.13,16551 
50,20151105,元大台灣50          ,61.23,61.23,60.85,60.99,5902 
50,20151106,元大台灣50          ,60.99,60.99,59.36,59.78,11915 
50,20151109,元大台灣50          ,59.69,60.01,59.31,59.36,5532 
50,20151110,元大台灣50          ,59.03,59.13,58.61,58.66,8847 
50,20151111,元大台灣50          ,58.66,58.75,57.78,57.96,16293 
50,20151112,元大台灣50          ,58.01,58.2,57.68,58.06,14213 
50,20151113,元大台灣50          ,57.64,58.24,57.4,57.45,20384 
50,20151116,元大台灣50          ,57.08,57.17,56.52,57.03,13429 
50,20151117,元大台灣50          ,57.82,58.38,57.82,58.15,8728 
50,20151118,元大台灣50          ,58.15,58.15,57.08,57.26,14981 
50,20151119,元大台灣50          ,57.78,58.1,57.4,58.1,10131 
50,20151120,元大台灣50          ,58.15,58.29,57.87,58.1,5421 
50,20151123,元大台灣50          ,58.38,58.52,57.96,58.38,3462 
50,20151124,元大台灣50          ,58.29,58.43,57.68,57.78,6598 
50,20151125,元大台灣50          ,57.68,57.92,57.36,57.78,5964 
50,20151126,元大台灣50          ,58.1,58.71,58.1,58.57,8642 
50,20151127,元大台灣50          ,58.66,58.66,57.64,57.78,6290 
50,20151130,元大台灣50          ,56.8,57.08,56.38,57.08,23268 
50,20151201,元大台灣50          ,57.54,58.24,57.31,58.2,8409 
50,20151202,元大台灣50          ,58.24,58.52,57.96,58.1,6361 
50,20151203,元大台灣50          ,57.73,58.34,57.54,58.2,6065 
50,20151204,元大台灣50          ,57.78,57.78,57.26,57.59,15048 
50,20151207,元大台灣50          ,58.01,58.75,58.01,58.29,14814 
50,20151208,元大台灣50          ,58.06,58.1,57.08,57.36,9200 
50,20151209,元大台灣50          ,57.08,57.22,56.61,56.66,16089 
50,20151210,元大台灣50          ,56.33,56.66,55.72,56.47,16616 
50,20151211,元大台灣50          ,56.47,56.61,55.77,55.82,13835 
50,20151214,元大台灣50          ,55.26,55.63,55.02,55.4,9528 
50,20151215,元大台灣50          ,55.68,56,55.35,55.44,6796 
50,20151216,元大台灣50          ,55.96,56.33,55.68,56.28,6530 
50,20151217,元大台灣50          ,56.47,56.94,56.28,56.94,7609 
50,20151218,元大台灣50          ,56.75,57.12,56.42,56.66,4893 
50,20151221,元大台灣50          ,56,56.66,55.86,56.56,4340 
50,20151222,元大台灣50          ,56.61,56.8,56.33,56.7,5138 
50,20151223,元大台灣50          ,56.84,57.17,56.7,56.8,7263 
50,20151224,元大台灣50          ,57.22,57.5,57.08,57.08,8456 
50,20151225,元大台灣50          ,57.08,57.45,57.08,57.45,6546 
50,20151228,元大台灣50          ,57.54,57.54,57.26,57.31,3449 
50,20151229,元大台灣50          ,57.26,57.26,56.7,56.89,3966 
50,20151230,元大台灣50          ,57.03,57.03,56.38,56.47,7262 
50,20151231,元大台灣50          ,56.47,56.84,56.42,56.66,3894 
50,20160104,元大台灣50          ,56.7,56.84,55.07,55.54,16928 
50,20160105,元大台灣50          ,55.49,55.72,54.88,55.07,21783 
50,20160106,元大台灣50          ,55.07,55.07,54,54.51,28939 
50,20160107,元大台灣50          ,54.37,54.37,52.88,53.49,39962 
50,20160108,元大台灣50          ,53.16,53.81,53.02,53.58,25450 
50,20160111,元大台灣50          ,53.07,53.11,52.23,52.74,24356 
50,20160112,元大台灣50          ,52.97,53.16,52.51,52.69,17649 
50,20160113,元大台灣50          ,53.16,53.63,52.93,53.3,11848 
50,20160114,元大台灣50          ,52.69,52.88,52.09,52.88,15487 
50,20160115,元大台灣50          ,53.25,53.63,52.46,52.88,20847 
50,20160118,元大台灣50          ,52.13,53.44,52.04,53.25,13014 
50,20160119,元大台灣50          ,53.16,53.39,52.83,53.39,8110 
50,20160120,元大台灣50          ,53.02,53.02,51.85,52.13,22688 
50,20160121,元大台灣50          ,52.32,52.51,51.85,52.04,10450 
50,20160122,元大台灣50          ,52.55,52.79,52.23,52.74,13943 
50,20160125,元大台灣50          ,53.16,53.91,53.16,53.67,12773 
50,20160126,元大台灣50          ,53.16,53.3,52.88,53.16,7583 
50,20160127,元大台灣50          ,53.53,53.58,53.11,53.39,9101 
50,20160128,元大台灣50          ,53.3,53.86,53.16,53.67,10224 
50,20160129,元大台灣50          ,53.63,55.12,53.39,55.02,20207 
50,20160130,元大台灣50          ,55.44,55.68,55.21,55.54,13202 
50,20160201,元大台灣50          ,55.49,55.58,55.12,55.54,7967 
50,20160202,元大台灣50          ,55.44,55.54,55.02,55.35,4584 
50,20160203,元大台灣50          ,55.02,55.26,54.65,54.98,6990 
50,20160215,元大台灣50          ,54.37,55.12,54.18,55.02,7221 
50,20160216,元大台灣50          ,55.12,56.28,55.12,56.19,17822 
50,20160217,元大台灣50          ,56.33,56.42,55.91,55.91,12473 
50,20160218,元大台灣50          ,56.7,57.03,56.42,56.8,16986 
50,20160219,元大台灣50          ,56.7,56.94,56.52,56.75,11352 
50,20160222,元大台灣50          ,56.75,57.45,56.47,56.7,11614 
50,20160223,元大台灣50          ,56.89,57.03,56.61,56.75,4916 
50,20160224,元大台灣50          ,56.7,57.17,56.14,56.24,7764 
50,20160225,元大台灣50          ,56.52,57.22,56.42,56.98,16933 
50,20160226,元大台灣50          ,57.22,57.54,56.8,57.12,14513 
50,20160301,元大台灣50          ,57.12,57.78,56.98,57.68,17236 
50,20160302,元大台灣50          ,58.15,58.52,58.06,58.15,22870 
50,20160303,元大台灣50          ,58.15,59.03,58.15,58.71,32602 
50,20160304,元大台灣50          ,58.66,59.03,58.52,58.85,24050 
50,20160307,元大台灣50          ,58.94,59.41,58.66,58.85,21497 
50,20160308,元大台灣50          ,58.75,58.85,58.29,58.8,13634 
50,20160309,元大台灣50          ,58.8,58.89,58.43,58.85,8097 
50,20160310,元大台灣50          ,58.8,59.13,58.61,58.99,21352 
50,20160311,元大台灣50          ,58.94,59.45,58.8,59.27,22682 
50,20160314,元大台灣50          ,59.69,59.92,59.64,59.69,25831 
50,20160315,元大台灣50          ,59.69,59.78,58.75,58.8,18905 
50,20160316,元大台灣50          ,59.08,59.45,59.08,59.31,36277 
50,20160317,元大台灣50          ,60.2,60.53,59.73,59.97,20031 
50,20160318,元大台灣50          ,60.06,60.48,59.97,60.34,31120 
50,20160321,元大台灣50          ,60.53,60.67,59.87,60.25,6056 
50,20160322,元大台灣50          ,60.01,60.2,59.55,60.06,8180 
50,20160323,元大台灣50          ,60.06,60.48,59.92,60.01,11996 
50,20160324,元大台灣50          ,59.92,60.15,59.41,60.01,8530 
50,20160325,元大台灣50          ,60.15,60.15,59.64,59.73,3814 
50,20160328,元大台灣50          ,59.73,60.06,59.5,59.78,7346 
50,20160329,元大台灣50          ,59.69,59.97,59.22,59.36,10741 
50,20160330,元大台灣50          ,59.73,60.53,59.69,60.34,29118 
50,20160331,元大台灣50          ,60.71,60.99,60.11,60.29,16046 
50,20160401,元大台灣50          ,59.92,60.01,59.31,59.59,4654 
50,20160406,元大台灣50          ,59.03,59.03,58.15,58.2,8957 
50,20160407,元大台灣50          ,58.29,58.29,57.45,57.96,20224 
50,20160408,元大台灣50          ,57.64,58.57,57.64,58.52,6752 
50,20160411,元大台灣50          ,58.29,58.85,57.96,58.75,5355 
50,20160412,元大台灣50          ,58.8,59.22,58.52,58.71,2753 
50,20160413,元大台灣50          ,58.99,59.87,58.99,59.73,11846 
50,20160414,元大台灣50          ,60.06,60.25,59.78,59.92,8125 
50,20160415,元大台灣50          ,59.5,59.97,59.27,59.92,11673 
50,20160418,元大台灣50          ,59.73,59.87,59.55,59.55,2145 
50,20160419,元大台灣50          ,59.97,60.29,59.22,59.31,5841 
50,20160420,元大台灣50          ,59.22,59.78,58.34,58.43,8981 
50,20160421,元大台灣50          ,58.66,58.89,58.34,58.71,3097 
50,20160422,元大台灣50          ,58.71,59.13,58.57,58.94,2685 
50,20160425,元大台灣50          ,58.94,59.08,58.66,58.99,2864 
50,20160426,元大台灣50          ,58.85,59.59,58.85,59.22,4894 
50,20160427,元大台灣50          ,58.94,59.31,58.75,59.13,2470 
50,20160428,元大台灣50          ,59.22,59.27,57.96,58.2,10321 
50,20160429,元大台灣50          ,57.68,57.82,57.22,57.45,7266 
50,20160503,元大台灣50          ,57.45,57.45,56.61,56.66,9711 
50,20160504,元大台灣50          ,56.66,56.75,55.77,56.05,14504 
50,20160505,元大台灣50          ,56.05,56.19,55.63,56.14,14591 
50,20160506,元大台灣50          ,55.96,55.96,55.44,55.68,22004 
50,20160509,元大台灣50          ,55.86,55.96,55.4,55.68,14499 
50,20160510,元大台灣50          ,55.68,56.14,55.4,55.96,13152 
50,20160511,元大台灣50          ,56.14,56.24,55.54,55.82,19053 
50,20160512,元大台灣50          ,55.68,55.96,55.63,55.77,13397 
50,20160513,元大台灣50          ,55.54,55.54,55.02,55.16,29668 
50,20160516,元大台灣50          ,55.16,55.68,55.12,55.58,6645 
50,20160517,元大台灣50          ,55.63,56.05,55.26,56,12344 
50,20160518,元大台灣50          ,55.68,55.96,55.26,55.91,8579 
50,20160519,元大台灣50          ,55.96,56,55.3,55.63,8050 
50,20160520,元大台灣50          ,55.82,56.24,55.58,55.96,8126 
50,20160523,元大台灣50          ,56.05,57.82,55.82,57.82,21664 
50,20160524,元大台灣50          ,57.59,57.68,57.22,57.22,6417 
50,20160525,元大台灣50          ,57.59,58.06,57.59,57.82,25858 
50,20160526,元大台灣50          ,57.87,57.96,57.64,57.96,26044 
50,20160527,元大台灣50          ,58.2,58.43,58.01,58.38,25759 
50,20160530,元大台灣50          ,58.38,59.08,58.29,58.89,26912 
50,20160531,元大台灣50          ,58.8,59.08,58.57,58.89,8678 
50,20160601,元大台灣50          ,58.71,59.55,58.71,59.41,25001 
50,20160602,元大台灣50          ,59.41,59.73,59.13,59.41,13721 
50,20160603,元大台灣50          ,59.31,59.69,59.31,59.55,11793 
50,20160604,元大台灣50          ,59.45,59.69,59.41,59.64,3201 
50,20160606,元大台灣50          ,59.69,60.25,59.36,59.73,12991 
50,20160607,元大台灣50          ,59.97,60.57,59.97,60.53,30837 
50,20160608,元大台灣50          ,60.62,61.13,60.62,60.85,26064 
50,20160613,元大台灣50          ,59.97,60.11,59.41,59.45,9520 
50,20160614,元大台灣50          ,59.22,59.87,59.22,59.83,6411 
50,20160615,元大台灣50          ,59.83,60.06,59.31,59.92,22583 
50,20160616,元大台灣50          ,59.78,59.78,58.75,59.08,8999 
50,20160617,元大台灣50          ,59.55,60.06,59.55,59.73,5808 
50,20160620,元大台灣50          ,60.15,60.29,60.01,60.15,10307 
50,20160621,元大台灣50          ,60.15,60.57,60.11,60.39,18113 
50,20160622,元大台灣50          ,60.39,60.57,60.2,60.57,10556 
50,20160623,元大台灣50          ,60.43,60.48,60.2,60.43,32188 
50,20160624,元大台灣50          ,60.39,60.53,57.87,58.85,31665 
50,20160627,元大台灣50          ,58.94,59.45,58.75,59.45,4931 
50,20160628,元大台灣50          ,58.85,59.73,58.8,59.69,5345 
50,20160629,元大台灣50          ,59.83,60.62,59.83,60.34,9101 
50,20160630,元大台灣50          ,60.76,61.04,60.29,61.04,25345 
50,20160701,元大台灣50          ,61.41,61.93,61.23,61.79,30668 
50,20160704,元大台灣50          ,61.65,62.25,61.55,61.83,9989 
50,20160705,元大台灣50          ,61.74,61.79,61.41,61.65,5997 
50,20160706,元大台灣50          ,61.18,61.18,60.34,60.53,8730 
50,20160707,元大台灣50          ,61.04,61.32,60.95,61.27,6587 
50,20160711,元大台灣50          ,62.21,62.72,62.21,62.49,22208 
50,20160712,元大台灣50          ,62.63,63.04,62.63,63.04,15397 
50,20160713,元大台灣50          ,63.28,63.32,62.58,63.09,9434 
50,20160714,元大台灣50          ,62.95,63.28,62.76,63.14,10109 
50,20160715,元大台灣50          ,63.23,63.88,63.23,63.88,15543 
50,20160718,元大台灣50          ,63.84,64.49,63.84,64.49,36847 
50,20160719,元大台灣50          ,64.54,64.63,64.16,64.58,17045 
50,20160720,元大台灣50          ,64.35,64.63,64.16,64.54,24718 
50,20160721,元大台灣50          ,64.77,65.19,64.68,64.86,9980 
50,20160722,元大台灣50          ,64.86,65,64.54,64.63,3265 
50,20160725,元大台灣50          ,64.82,65.24,63.74,64.35,11676 
50,20160726,元大台灣50          ,64.35,64.72,64.21,64.72,13212 
50,20160727,元大台灣50          ,64.96,65.24,64.82,65,11118 
50,20160728,元大台灣50          ,65.14,65.38,64.77,65.19,11452 
50,20160729,元大台灣50          ,65,65.33,64.72,64.72,19390 
50,20160801,元大台灣50          ,64.96,65.57,64.96,65.43,10407 
50,20160802,元大台灣50          ,65.38,65.52,65.24,65.43,7116 
50,20160803,元大台灣50          ,64.67,65.05,64.25,64.91,13801 
50,20160804,元大台灣50          ,65,65.1,64.53,65.05,10674 
50,20160805,元大台灣50          ,65.24,65.85,65.05,65.71,12422 
50,20160808,元大台灣50          ,66.09,66.33,65.81,66.14,7902 
50,20160809,元大台灣50          ,66.09,66.51,66.04,66.47,11568 
50,20160810,元大台灣50          ,66.37,66.66,66.14,66.66,6497 
50,20160811,元大台灣50          ,66.28,66.61,65.57,66.04,10903 
50,20160812,元大台灣50          ,66.23,66.56,66.14,66.28,5258 
50,20160815,元大台灣50          ,66.28,66.56,65.99,66.42,4797 
50,20160816,元大台灣50          ,66.37,66.56,65.81,66.04,4431 
50,20160817,元大台灣50          ,65.99,66.18,65.85,66.14,8925 
50,20160818,元大台灣50          ,66.09,66.23,65.9,65.99,3275 
50,20160819,元大台灣50          ,65.99,66.51,65.33,65.33,8299 
50,20160822,元大台灣50          ,65.14,65.29,64.63,64.86,7083 
50,20160823,元大台灣50          ,65.05,65.71,65.05,65.52,7084 
50,20160824,元大台灣50          ,65.48,65.66,65.33,65.33,5071 
50,20160825,元大台灣50          ,65.43,66.23,65.43,66.09,8022 
50,20160826,元大台灣50          ,66.04,66.37,65.9,66.18,2991 
50,20160829,元大台灣50          ,65.99,66.23,65.33,66.14,3554 
50,20160830,元大台灣50          ,66.09,66.33,65.9,66.09,3791 
50,20160831,元大台灣50          ,65.95,66.14,65.43,65.52,5206 
50,20160901,元大台灣50          ,65.43,65.43,64.77,65.19,5965 
50,20160902,元大台灣50          ,65.24,65.43,64.96,65.29,2615 
50,20160905,元大台灣50          ,65.9,66.37,65.9,66.37,8523 
50,20160906,元大台灣50          ,66.33,66.94,66.33,66.89,7342 
50,20160907,元大台灣50          ,66.99,67.88,66.99,67.84,9686 
50,20160908,元大台灣50          ,67.79,67.79,67.41,67.6,4674 
50,20160909,元大台灣50          ,66.94,66.94,66.42,66.47,5230 
50,20160910,元大台灣50          ,65.29,65.71,65.14,65.52,8825 
50,20160912,元大台灣50          ,65.48,65.48,64.86,65,7236 
50,20160913,元大台灣50          ,65.24,65.33,64.39,65,7123 
50,20160914,元大台灣50          ,64.67,65.19,64.63,64.63,5624 
50,20160919,元大台灣50          ,65.52,67.03,65.52,67.03,9887 
50,20160920,元大台灣50          ,66.94,67.03,66.66,66.94,2795 
50,20160921,元大台灣50          ,66.8,67.36,66.61,67.27,12156 
50,20160922,元大台灣50          ,67.88,67.98,67.27,67.41,4929 
50,20160923,元大台灣50          ,67.51,67.88,67.41,67.88,4215 
50,20160926,元大台灣50          ,67.51,67.51,67.03,67.03,3736 
50,20160929,元大台灣50          ,67.84,68.12,67.41,67.88,9624 
50,20160930,元大台灣50          ,67.17,67.36,66.84,66.99,5843 
50,20161003,元大台灣50          ,67.22,67.6,67.13,67.46,3888 
50,20161004,元大台灣50          ,67.46,67.74,67.32,67.74,5169 
50,20161005,元大台灣50          ,67.6,67.84,67.46,67.51,2838 
50,20161006,元大台灣50          ,67.69,67.74,67.46,67.69,2071 
50,20161007,元大台灣50          ,67.6,67.79,67.6,67.65,3053 
50,20161011,元大台灣50          ,68.31,68.4,67.22,67.46,6945 
50,20161012,元大台灣50          ,67.51,68.26,67.36,68.21,6057 
50,20161013,元大台灣50          ,68.17,68.26,67.46,67.69,5454 
50,20161014,元大台灣50          ,67.32,67.88,67.32,67.46,3633 
50,20161017,元大台灣50          ,67.46,67.6,66.66,67.46,4422 
50,20161018,元大台灣50          ,67.51,67.93,67.32,67.93,3619 
50,20161019,元大台灣50          ,67.98,68.54,67.98,68.31,21575 
50,20161020,元大台灣50          ,68.31,68.69,68.31,68.59,4836 
50,20161021,元大台灣50          ,68.59,68.97,68.5,68.54,4234 
50,20161024,元大台灣50          ,68.78,68.87,68.54,68.64,3265 
50,20161025,元大台灣50          ,68.78,69.39,68.78,69.3,3715 
50,20161026,元大台灣50          ,68.92,69.06,68.83,68.92,2868 
50,20161027,元大台灣50          ,68.92,69.06,68.35,68.54,3170 
50,20161028,元大台灣50          ,68.54,68.69,68.4,68.54,4275 
50,20161031,元大台灣50          ,68.21,68.64,67.69,68.54,5464 
50,20161101,元大台灣50          ,68.21,68.54,68.07,68.54,2024 
50,20161102,元大台灣50          ,67.93,67.98,67.6,67.74,5502 
50,20161103,元大台灣50          ,67.46,67.6,67.13,67.22,4554 
50,20161104,元大台灣50          ,67.03,67.22,66.89,67.03,4346 
50,20161107,元大台灣50          ,67.79,67.98,67.46,67.98,3235 
50,20161108,元大台灣50          ,68.12,68.35,67.98,68.31,2694 
50,20161109,元大台灣50          ,68.78,68.97,66.09,66.09,19936 
50,20161110,元大台灣50          ,67.79,68.07,67.74,67.98,6699 
50,20161111,元大台灣50          ,66.42,66.75,66.04,66.14,8375 
50,20161114,元大台灣50          ,66.04,66.37,65.57,66.18,7117 
50,20161115,元大台灣50          ,65.9,66.18,65.85,65.99,4015 
50,20161116,元大台灣50          ,66.28,66.56,66.04,66.09,24749 
50,20161117,元大台灣50          ,66.09,66.28,65.85,66.28,3313 
50,20161118,元大台灣50          ,66.18,66.47,65.99,66.47,2119 
50,20161121,元大台灣50          ,66.37,66.56,66.18,66.56,2649 
50,20161122,元大台灣50          ,66.8,67.65,66.8,67.46,5293 
50,20161123,元大台灣50          ,67.51,67.88,67.46,67.79,1907 
50,20161124,元大台灣50          ,67.6,67.6,67.22,67.41,2303 
50,20161125,元大台灣50          ,67.36,67.65,67.27,67.36,2649 
50,20161128,元大台灣50          ,67.36,67.98,67.36,67.74,2646 
50,20161129,元大台灣50          ,67.88,67.98,67.65,67.65,1417 
50,20161130,元大台灣50          ,67.69,67.88,67.51,67.69,1918 
50,20161201,元大台灣50          ,67.6,68.07,67.6,67.98,1955 
50,20161202,元大台灣50          ,67.22,67.22,66.94,67.22,3307 
50,20161205,元大台灣50          ,67.22,67.22,66.84,67.13,1388 
50,20161206,元大台灣50          ,67.79,68.17,67.74,67.98,2435 
50,20161207,元大台灣50          ,68.17,68.31,67.88,67.98,1467 
50,20161208,元大台灣50          ,68.26,68.92,68.26,68.83,6085 
50,20161209,元大台灣50          ,68.97,69.11,68.87,69.06,5418 
50,20161212,元大台灣50          ,69.2,69.44,68.69,68.78,3208 
50,20161213,元大台灣50          ,68.78,68.92,68.59,68.87,2548 
50,20161214,元大台灣50          ,69.11,69.2,68.83,69.02,2827 
50,20161215,元大台灣50          ,68.5,68.92,68.35,68.92,3017 
50,20161216,元大台灣50          ,68.73,68.73,68.26,68.26,2148 
50,20161219,元大台灣50          ,68.21,68.26,67.84,67.84,2680 
50,20161220,元大台灣50          ,67.93,67.93,67.55,67.74,2029 
50,20161221,元大台灣50          ,67.74,67.84,67.51,67.69,9321 
50,20161222,元大台灣50          ,67.55,67.55,66.84,66.84,4971 
50,20161223,元大台灣50          ,66.66,66.89,66.42,66.61,5125 
50,20161226,元大台灣50          ,66.7,66.84,66.61,66.84,2104 
50,20161227,元大台灣50          ,66.84,66.94,66.7,66.8,2494 
50,20161228,元大台灣50          ,66.89,67.6,66.89,67.6,3686 
50,20161229,元大台灣50          ,67.46,67.46,67.22,67.27,1911 
50,20161230,元大台灣50          ,67.65,67.98,67.55,67.79,2726 
50,20170103,元大台灣50          ,67.69,67.88,67.51,67.88,2331 
50,20170104,元大台灣50          ,67.98,68.07,67.74,67.84,4284 
50,20170105,元大台灣50          ,67.84,68.45,67.79,68.45,4573 
50,20170106,元大台灣50          ,68.4,68.69,68.4,68.59,3752 
50,20170109,元大台灣50          ,68.69,68.87,68.26,68.4,5038 
50,20170110,元大台灣50          ,68.4,68.54,68.35,68.35,1857 
50,20170111,元大台灣50          ,68.73,68.78,68.35,68.35,1898 
50,20170112,元大台灣50          ,68.54,69.2,68.54,69.06,4857 
50,20170113,元大台灣50          ,68.73,68.73,68.54,68.54,3909 
50,20170116,元大台灣50          ,68.35,68.35,67.79,67.98,2418 
50,20170117,元大台灣50          ,67.98,68.35,67.98,68.26,1572 
50,20170118,元大台灣50          ,68.17,68.17,68.02,68.12,3837 
50,20170119,元大台灣50          ,67.84,68.07,67.6,67.93,4065 
50,20170120,元大台灣50          ,67.93,68.21,67.93,68.12,2422 
50,20170123,元大台灣50          ,68.5,68.92,68.5,68.69,5965 
50,20170124,元大台灣50          ,68.92,69.2,68.83,69.2,4575 
50,20170202,元大台灣50          ,69.39,69.54,68.69,68.83,6999 
50,20170203,元大台灣50          ,68.87,69.06,68.59,68.78,2809 
50,20170206,元大台灣50          ,68.92,69.3,68.87,69.16,2947 
50,20170207,元大台灣50          ,69.02,69.35,69.02,69.2,4305 
50,20170208,元大台灣50          ,69.49,69.49,68.96,69.35,4433 
50,20170209,元大台灣50          ,69.35,69.78,69.25,69.59,3548 
50,20170210,元大台灣50          ,69.69,70.51,69.69,70.36,4869 
50,20170213,元大台灣50          ,70.36,70.65,70.36,70.51,3330 
50,20170214,元大台灣50          ,70.94,71.04,70.65,70.75,6071 
50,20170215,元大台灣50          ,70.85,71.43,70.75,71.43,9407 
50,20170216,元大台灣50          ,71.52,71.72,70.9,70.99,5466 
50,20170217,元大台灣50          ,71.19,71.23,70.9,70.9,5192 
50,20170218,元大台灣50          ,70.85,71.09,70.75,71.04,3227 
50,20170220,元大台灣50          ,71.09,71.19,70.65,70.65,2802 
50,20170221,元大台灣50          ,70.75,70.94,70.61,70.8,3337 
50,20170222,元大台灣50          ,71.14,71.23,70.7,70.85,2938 
50,20170223,元大台灣50          ,70.8,71.09,70.65,70.65,2332 
50,20170224,元大台灣50          ,70.61,70.85,70.41,70.7,1844 
50,20170301,元大台灣50          ,70.65,70.65,69.93,69.93,3107 
50,20170302,元大台灣50          ,70.51,70.8,69.83,70.12,7057 
50,20170303,元大台灣50          ,69.88,69.93,69.59,69.69,4410 
50,20170306,元大台灣50          ,69.64,69.83,69.59,69.74,2177 
50,20170307,元大台灣50          ,69.83,70.17,69.83,70.03,2027 
50,20170308,元大台灣50          ,70.22,70.41,70.03,70.41,2182 
50,20170309,元大台灣50          ,70.17,70.17,69.54,69.64,3381 
50,20170310,元大台灣50          ,69.54,69.64,69.16,69.59,5423 
50,20170313,元大台灣50          ,69.74,70.07,69.74,70.07,2515 
50,20170314,元大台灣50          ,70.17,70.65,70.17,70.56,3948 
50,20170315,元大台灣50          ,70.36,70.56,70.17,70.41,3490 
50,20170316,元大台灣50          ,70.85,71.38,70.85,71.33,7545 
50,20170317,元大台灣50          ,71.38,71.62,71.28,71.52,5265 
50,20170320,元大台灣50          ,71.48,71.67,71.38,71.48,5073 
50,20170321,元大台灣50          ,71.81,72.39,71.81,72.39,8511 
50,20170322,元大台灣50          ,71.77,71.77,71.52,71.72,4939 
50,20170323,元大台灣50          ,72.1,72.15,71.67,71.86,4105 
50,20170324,元大台灣50          ,71.86,71.91,71.62,71.77,3308 
50,20170327,元大台灣50          ,71.52,71.91,71.38,71.72,2474 
50,20170328,元大台灣50          ,72.06,72.1,71.48,71.77,5565 
50,20170329,元大台灣50          ,71.96,72.01,71.52,71.52,2464 
50,20170330,元大台灣50          ,71.52,71.77,71.43,71.43,2181 
50,20170331,元大台灣50          ,71.48,71.62,71.23,71.23,2008 
50,20170405,元大台灣50          ,71.48,72.3,71.48,72.15,3594 
50,20170406,元大台灣50          ,72.3,72.3,71.81,71.91,2811 
50,20170407,元大台灣50          ,71.81,71.81,70.94,71.62,1889 
50,20170410,元大台灣50          ,71.62,71.77,71.52,71.72,1060 
50,20170411,元大台灣50          ,71.62,71.91,71.28,71.43,1266 
50,20170412,元大台灣50          ,71.43,71.62,71.19,71.57,1940 
50,20170413,元大台灣50          ,71.43,71.96,71.43,71.91,6004 
50,20170414,元大台灣50          ,71.43,71.43,71.04,71.09,2674 
50,20170417,元大台灣50          ,71.09,71.33,70.9,71.14,5339 
50,20170418,元大台灣50          ,71.38,71.52,71.04,71.14,4099 
50,20170419,元大台灣50          ,70.65,70.8,70.22,70.36,9185 
50,20170420,元大台灣50          ,70.12,70.46,70.07,70.36,3142 
50,20170421,元大台灣50          ,70.8,71.04,70.65,71.04,3247 
50,20170424,元大台灣50          ,71.43,71.48,70.99,71.19,4309 
50,20170425,元大台灣50          ,71.38,71.91,71.23,71.86,5698 
50,20170426,元大台灣50          ,72.2,72.2,71.91,72.06,4117 
50,20170427,元大台灣50          ,71.86,72.01,71.67,72.01,3685 
50,20170428,元大台灣50          ,72.01,72.1,71.81,72.06,4423 
50,20170502,元大台灣50          ,72.49,72.88,72.49,72.68,15728 
50,20170503,元大台灣50          ,72.78,73.12,72.78,73.02,4711 
50,20170504,元大台灣50          ,73.02,73.12,72.83,73.12,3996 
50,20170505,元大台灣50          ,72.93,72.93,72.59,72.64,5287 
50,20170508,元大台灣50          ,73.02,73.17,72.73,73.17,4083 
50,20170509,元大台灣50          ,73.17,73.94,73.17,73.41,4190 
50,20170510,元大台灣50          ,73.6,73.8,73.46,73.7,1763 
50,20170511,元大台灣50          ,73.55,73.94,73.46,73.94,2018 
50,20170512,元大台灣50          ,73.7,73.94,73.6,73.75,2810 
50,20170515,元大台灣50          ,73.75,73.99,73.65,73.94,1285 
50,20170516,元大台灣50          ,73.94,74.04,73.7,73.94,1598 
50,20170517,元大台灣50          ,73.75,73.84,73.51,73.75,1331 
50,20170518,元大台灣50          ,73.12,73.36,72.78,73.36,4271 
50,20170519,元大台灣50          ,73.12,73.36,73.12,73.31,1162 
50,20170522,元大台灣50          ,73.41,73.6,73.22,73.51,2576 
50,20170523,元大台灣50          ,73.51,73.89,73.46,73.8,3844 
50,20170524,元大台灣50          ,73.8,73.89,73.7,73.75,2886 
50,20170525,元大台灣50          ,74.13,74.42,73.89,74.42,4681 
50,20170526,元大台灣50          ,74.42,74.57,74.18,74.38,4018 
50,20170531,元大台灣50          ,74.38,74.91,73.84,73.94,2701 
50,20170601,元大台灣50          ,73.94,74.33,73.94,74.33,2221 
50,20170602,元大台灣50          ,74.71,74.71,74.47,74.62,3540 
50,20170603,元大台灣50          ,74.67,74.81,74.67,74.81,2052 
50,20170605,元大台灣50          ,74.76,75.39,74.67,75.39,3281 
50,20170606,元大台灣50          ,75.34,75.34,75.1,75.34,1203 
50,20170607,元大台灣50          ,75.29,75.49,75.1,75.34,1844 
50,20170608,元大台灣50          ,75.34,75.63,75.2,75.63,1886 
50,20170609,元大台灣50          ,75.44,75.73,75.34,75.39,3010 
50,20170612,元大台灣50          ,74.57,74.91,74.47,74.57,3300 
50,20170613,元大台灣50          ,74.57,74.71,74.42,74.67,1615 
50,20170614,元大台灣50          ,74.81,74.81,73.94,74.28,3380 
50,20170615,元大台灣50          ,74.23,74.33,74.04,74.33,1507 
50,20170616,元大台灣50          ,74.33,75.1,74.28,75.1,4233 
50,20170619,元大台灣50          ,75.1,75.92,75.1,75.92,5144 
50,20170620,元大台灣50          ,75.97,76.99,75.97,76.79,4046 
50,20170621,元大台灣50          ,76.55,77.23,76.21,76.89,13612 
50,20170622,元大台灣50          ,76.94,77.18,76.89,77.08,6112 
50,20170623,元大台灣50          ,77.08,77.37,76.99,77.03,8517 
50,20170626,元大台灣50          ,77.13,78.77,77.13,78.68,14254 
50,20170627,元大台灣50          ,78.68,78.77,78.29,78.58,3026 
50,20170628,元大台灣50          ,78.19,78.34,77.61,77.86,6286 
50,20170629,元大台灣50          ,78.29,78.34,77.81,77.95,1427 
50,20170630,元大台灣50          ,77.42,77.71,77.13,77.71,3070 
50,20170703,元大台灣50          ,77.71,77.9,77.52,77.76,1551 
50,20170704,元大台灣50          ,77.76,77.9,77.32,77.32,1237 
50,20170705,元大台灣50          ,77.42,78.05,77.08,78.05,2274 
50,20170706,元大台灣50          ,78.05,78.05,77.52,77.71,2492 
50,20170707,元大台灣50          ,77.57,77.57,77.13,77.28,3569 
50,20170710,元大台灣50          ,77.32,77.76,77.32,77.66,3549 
50,20170711,元大台灣50          ,78,78.82,77.86,78.82,4138 
50,20170712,元大台灣50          ,78.77,79.06,78.58,78.82,3948 
50,20170713,元大台灣50          ,79.21,79.64,79.02,79.45,3992 
50,20170714,元大台灣50          ,79.26,79.4,79.06,79.31,2281 
50,20170717,元大台灣50          ,79.74,79.79,79.26,79.45,2687 
50,20170718,元大台灣50          ,79.45,79.64,79.11,79.64,3277 
50,20170719,元大台灣50          ,79.59,80.22,79.59,79.93,7267 
50,20170720,元大台灣50          ,80.08,80.13,79.79,79.88,2020 
50,20170721,元大台灣50          ,79.84,79.84,79.31,79.35,4465 
50,20170724,元大台灣50          ,79.21,79.55,79.02,79.55,2364 
50,20170725,元大台灣50          ,79.55,79.74,79.35,79.69,2126 
50,20170726,元大台灣50          ,79.79,79.98,79.31,79.4,2357 
50,20170727,元大台灣50          ,79.45,80.22,79.45,80.22,2213 
50,20170728,元大台灣50          ,79.64,79.69,79.21,79.35,4401 
50,20170731,元大台灣50          ,79.4,79.45,79.01,79.3,2806 
50,20170801,元大台灣50          ,80.08,80.08,79.5,79.74,2642 
50,20170802,元大台灣50          ,79.94,80.57,79.94,80.43,5045 
50,20170803,元大台灣50          ,79.79,80.28,79.65,80.13,4029 
50,20170804,元大台灣50          ,80.08,80.28,79.99,80.28,1143 
50,20170807,元大台灣50          ,80.38,80.91,80.38,80.86,4108 
50,20170808,元大台灣50          ,80.96,81.16,80.47,80.82,2985 
50,20170809,元大台灣50          ,80.47,80.52,79.99,80.08,3122 
50,20170810,元大台灣50          ,80.28,80.38,79.3,79.55,3168 
50,20170811,元大台灣50          ,78.82,79.3,78.72,79.21,2747 
50,20170814,元大台灣50          ,79.4,79.55,78.72,78.72,2245 
50,20170815,元大台灣50          ,79.26,79.45,78.91,79.26,2708 
50,20170816,元大台灣50          ,79.11,79.21,78.57,78.96,6282 
50,20170817,元大台灣50          ,79.21,79.65,79.11,79.6,1968 
50,20170818,元大台灣50          ,78.96,79.11,78.62,79.11,2315 
50,20170821,元大台灣50          ,79.01,79.16,78.72,79.01,2050 
50,20170822,元大台灣50          ,79.4,79.84,79.4,79.79,3986 
50,20170823,元大台灣50          ,79.94,80.18,79.69,79.69,5504 
50,20170824,元大台灣50          ,79.79,80.47,79.79,80.47,3487 
50,20170825,元大台灣50          ,80.57,80.67,80.33,80.62,2614 
50,20170828,元大台灣50          ,80.62,80.72,80.33,80.47,2773 
50,20170829,元大台灣50          ,80.18,80.33,79.89,80.23,1228 
50,20170830,元大台灣50          ,80.57,80.82,80.52,80.62,4119 
50,20170831,元大台灣50          ,81.06,81.06,80.62,80.86,3284 
50,20170901,元大台灣50          ,80.86,81.11,80.57,80.91,4429 
50,20170904,元大台灣50          ,80.82,80.96,80.62,80.77,2595 
50,20170905,元大台灣50          ,80.82,80.91,80.57,80.86,2564 
50,20170906,元大台灣50          ,80.62,80.82,80.28,80.52,2891 
50,20170907,元大台灣50          ,80.72,80.77,80.13,80.18,1368 
50,20170908,元大台灣50          ,80.33,80.82,80.33,80.62,2841 
50,20170911,元大台灣50          ,81.16,81.25,80.43,80.47,1627 
50,20170912,元大台灣50          ,80.86,80.96,80.57,80.77,1394 
50,20170913,元大台灣50          ,80.82,80.91,80.18,80.23,2175 
50,20170914,元大台灣50          ,80.23,80.47,80.08,80.28,1749 
50,20170915,元大台灣50          ,80.28,80.43,80.04,80.28,1821 
50,20170918,元大台灣50          ,80.77,81.06,80.52,81.06,2692 
50,20170919,元大台灣50          ,81.11,81.21,80.57,80.67,1456 
50,20170920,元大台灣50          ,80.43,80.57,80.04,80.13,9963 
50,20170921,元大台灣50          ,79.99,80.72,79.89,80.62,1830 
50,20170922,元大台灣50          ,80.52,80.52,79.5,79.55,5605 
50,20170925,元大台灣50          ,79.5,79.5,78.72,78.91,7071 
50,20170926,元大台灣50          ,78.77,79.01,78.28,78.28,11752 
50,20170927,元大台灣50          ,78.57,78.87,78.52,78.67,6242 
50,20170928,元大台灣50          ,78.72,78.77,78.28,78.38,6899 
50,20170929,元大台灣50          ,78.43,78.62,78.28,78.62,3443 
50,20170930,元大台灣50          ,78.96,79.16,78.82,79.16,1585 
50,20171002,元大台灣50          ,79.21,79.55,79.21,79.45,3261 
50,20171003,元大台灣50          ,79.5,79.65,79.26,79.45,1578 
50,20171005,元大台灣50          ,79.45,80.04,79.45,79.79,6407 
50,20171006,元大台灣50          ,80.04,80.13,79.89,80.04,4126 
50,20171011,元大台灣50          ,80.38,81.3,80.38,81.3,15975 
50,20171012,元大台灣50          ,81.45,82.08,81.45,82.08,8770 
50,20171013,元大台灣50          ,81.84,81.94,81.64,81.94,3596 
50,20171016,元大台灣50          ,81.94,82.38,81.94,82.38,4045 
50,20171017,元大台灣50          ,82.42,82.57,82.18,82.18,3233 
50,20171018,元大台灣50          ,82.67,82.86,82.18,82.47,4472 
50,20171019,元大台灣50          ,82.57,83.06,82.57,82.77,2447 
50,20171020,元大台灣50          ,82.28,82.72,82.28,82.42,1725 
50,20171023,元大台灣50          ,82.57,82.81,82.33,82.38,1771 
50,20171024,元大台灣50          ,82.38,82.38,82.08,82.28,1072 
50,20171025,元大台灣50          ,82.18,82.47,82.08,82.23,2416 
50,20171026,元大台灣50          ,82.03,82.28,81.89,82.13,3226 
50,20171027,元大台灣50          ,82.18,82.62,82.08,82.18,2141 
50,20171030,元大台灣50          ,82.96,83.2,82.67,82.81,3357 
50,20171031,元大台灣50          ,82.86,83.2,82.67,83.06,2131 
50,20171101,元大台灣50          ,83.2,83.25,82.81,82.96,1313 
50,20171102,元大台灣50          ,82.81,82.91,82.57,82.67,1562 
50,20171103,元大台灣50          ,82.81,82.91,82.47,82.57,1455 
50,20171106,元大台灣50          ,83.06,83.16,82.47,82.72,1573 
50,20171107,元大台灣50          ,82.86,83.16,82.72,83.16,2211 
50,20171108,元大台灣50          ,83.06,83.06,82.81,82.81,809 
50,20171109,元大台灣50          ,82.81,82.91,82.28,82.28,1258 
50,20171110,元大台灣50          ,82.18,82.42,81.84,82.42,923 
50,20171113,元大台灣50          ,82.13,82.28,82.08,82.18,979 
50,20171114,元大台灣50          ,82.18,82.18,81.84,82.03,1015 
50,20171115,元大台灣50          ,81.69,81.74,81.06,81.21,6270 
50,20171116,元大台灣50          ,81.21,81.64,81.11,81.5,2176 
50,20171117,元大台灣50          ,82.18,82.33,82.03,82.23,7196 
50,20171120,元大台灣50          ,82.28,82.33,81.79,81.89,2301 
50,20171121,元大台灣50          ,81.79,82.67,81.79,82.62,4469 
50,20171122,元大台灣50          ,83.01,83.45,82.77,83.01,4913 
50,20171123,元大台灣50          ,83.01,83.2,82.81,83.06,1552 
50,20171124,元大台灣50          ,83.11,83.16,82.81,83.01,1068 
50,20171127,元大台灣50          ,83.01,83.01,81.99,82.03,2127 
50,20171128,元大台灣50          ,81.84,81.89,81.4,81.5,2007 
50,20171129,元大台灣50          ,81.55,81.84,81.45,81.6,1381 
50,20171130,元大台灣50          ,80.91,80.91,80.18,80.18,8038 
50,20171201,元大台灣50          ,80.08,80.82,79.6,80.52,5620 
50,20171204,元大台灣50          ,80.57,80.86,80.28,80.82,1503 
50,20171205,元大台灣50          ,80.47,80.57,80.13,80.18,1880 
50,20171206,元大台灣50          ,80.04,80.04,78.82,78.82,13235 
50,20171207,元大台灣50          ,79.16,79.21,78.43,78.87,7309 
50,20171208,元大台灣50          ,79.45,79.45,78.62,78.87,6280 
50,20171211,元大台灣50          ,79.16,79.6,79.16,79.45,2738 
50,20171212,元大台灣50          ,79.35,79.45,78.52,78.91,3940 
50,20171213,元大台灣50          ,79.06,79.16,78.87,78.96,1676 
50,20171214,元大台灣50          ,79.5,79.94,79.3,79.69,2246 
50,20171215,元大台灣50          ,79.6,79.6,78.62,79.06,4077 
50,20171218,元大台灣50          ,79.16,79.21,78.82,79.16,3842 
50,20171219,元大台灣50          ,79.16,79.35,78.67,78.77,4095 
50,20171220,元大台灣50          ,78.77,79.06,78.72,79.01,4652 
50,20171221,元大台灣50          ,79.06,79.3,78.96,78.96,1240 
50,20171222,元大台灣50          ,78.77,79.3,78.67,79.26,1644 
50,20171225,元大台灣50          ,79.26,79.5,79.26,79.4,1002 
50,20171226,元大台灣50          ,79.4,79.4,78.48,78.62,2578 
50,20171227,元大台灣50          ,78.57,78.87,78.52,78.87,3600 
50,20171228,元大台灣50          ,79.21,79.69,79.21,79.65,3094 
50,20171229,元大台灣50          ,79.69,80.13,79.69,80.08,4690 
50,20180102,元大台灣50          ,80.08,80.52,80.08,80.52,3613 
50,20180103,元大台灣50          ,80.86,81.35,80.86,81.25,7196 
50,20180104,元大台灣50          ,81.4,81.55,81.11,81.4,5627 
50,20180105,元大台灣50          ,81.4,81.69,81.21,81.64,7616 
50,20180108,元大台灣50          ,81.69,82.03,81.6,81.99,5189 
50,20180109,元大台灣50          ,81.99,82.13,81.79,82.03,3664 
50,20180110,元大台灣50          ,81.99,82.13,81.45,81.64,5749 
50,20180111,元大台灣50          ,81.55,81.6,81.01,81.3,2579 
50,20180112,元大台灣50          ,81.45,82.08,81.4,81.99,2871 
50,20180115,元大台灣50          ,82.42,82.57,82.28,82.52,2819 
50,20180116,元大台灣50          ,82.52,82.86,82.38,82.86,3955 
50,20180117,元大台灣50          ,82.52,83.3,82.52,83.01,5698 
50,20180118,元大台灣50          ,83.35,84.37,83.35,84.13,6898 
50,20180119,元大台灣50          ,84.18,84.96,84.18,84.96,5302 
50,20180122,元大台灣50          ,84.96,85.74,84.96,85.74,4441 
50,20180123,元大台灣50          ,85.84,86.18,85.69,86.08,5799 
50,20180124,元大台灣50          ,85.79,85.79,84.67,85.01,5103 
50,20180125,元大台灣50          ,85.06,86.08,84.96,85.25,4983 
50,20180126,元大台灣50          ,85.25,85.4,84.67,85.3,7774 
50,20180129,元大台灣50          ,85.5,86.15,85.2,85.55,6445 
50,20180130,元大台灣50          ,85.2,85.35,84.5,84.55,4966 
50,20180131,元大台灣50          ,84.4,85,84.15,84.65,4251 
50,20180201,元大台灣50          ,84.75,85.5,84.75,85.25,2914 
50,20180202,元大台灣50          ,84.85,85.15,84.35,84.9,3081 
50,20180205,元大台灣50          ,83.2,83.75,82.9,83.6,7075 
50,20180206,元大台灣50          ,80.85,81.1,78.8,79.65,32222 
50,20180207,元大台灣50          ,81.35,81.4,80.6,80.65,10181 
50,20180208,元大台灣50          ,80.65,80.95,80.3,80.6,4514 
50,20180209,元大台灣50          ,78.6,79.2,78,79.05,16211 
50,20180212,元大台灣50          ,79.55,79.9,79.4,79.7,8443 
50,20180221,元大台灣50          ,81.4,81.7,81.1,81.5,11646 
50,20180222,元大台灣50          ,81.5,81.5,80.75,81,3749 
50,20180223,元大台灣50          ,81.4,82.1,81.4,82,3779 
50,20180226,元大台灣50          ,82.55,82.8,82.35,82.4,3289 
50,20180227,元大台灣50          ,83.1,83.2,82.35,82.35,7663 
50,20180301,元大台灣50          ,81.55,81.95,81.15,81.75,4344 
50,20180302,元大台灣50          ,80.85,81.2,80.45,81.15,6262 
50,20180305,元大台灣50          ,81.1,81.5,80.65,80.75,3723 
50,20180306,元大台灣50          ,81.65,82.15,81.6,82.15,5732 
50,20180307,元大台灣50          ,81.75,82.45,81.7,81.8,2619 
50,20180308,元大台灣50          ,82.15,82.8,82.15,82.75,3232 
50,20180309,元大台灣50          ,82.9,83,82.7,82.85,2832 
50,20180312,元大台灣50          ,83.6,84.25,83.55,84.15,8752 
50,20180313,元大台灣50          ,84.35,84.95,84.3,84.95,9837 
50,20180314,元大台灣50          ,84.35,84.45,84,84.3,3415 
50,20180315,元大台灣50          ,84,84.3,83.9,84.25,3506 
50,20180316,元大台灣50          ,84,84.2,83.1,83.9,5510 
50,20180319,元大台灣50          ,83.65,84.1,83.45,83.85,2035 
50,20180320,元大台灣50          ,83.2,83.8,83.2,83.8,2895 
50,20180321,元大台灣50          ,83.8,84.1,83.6,83.85,4891 
50,20180322,元大台灣50          ,84,84.6,83.45,83.55,3429 
50,20180323,元大台灣50          ,81.85,82.4,81.8,82.1,8259 
50,20180326,元大台灣50          ,81.85,82.2,81.6,82.2,4369 
50,20180327,元大台灣50          ,83,83.4,82.95,83.4,3277 
50,20180328,元大台灣50          ,82.9,82.9,82.2,82.25,4161 
50,20180329,元大台灣50          ,82.25,82.35,81.8,82.1,4099 
50,20180330,元大台灣50          ,82.65,83.05,82.65,82.85,4994 
50,20180331,元大台灣50          ,82.85,83.05,82.75,82.95,878 
50,20180402,元大台灣50          ,82.85,82.95,82.15,82.25,3737 
50,20180403,元大台灣50          ,81.5,81.55,81.2,81.5,6187 
50,20180409,元大台灣50          ,82.15,82.3,81.6,82.2,3401 
50,20180410,元大台灣50          ,82.1,82.85,81.75,82.5,3860 
50,20180411,元大台灣50          ,82.9,83.1,82.75,82.85,2603 
50,20180412,元大台灣50          ,83.05,83.15,82.25,82.5,3591 
50,20180413,元大台灣50          ,82.7,82.8,82.3,82.5,2982 
50,20180416,元大台灣50          ,82.65,82.65,82,82.3,1809 
50,20180417,元大台灣50          ,82.4,82.4,81.35,81.4,4325 
50,20180418,元大台灣50          ,81.6,82.1,81.35,81.6,3739 
50,20180419,元大台灣50          ,81.9,82.65,81.9,82.65,4461 
50,20180420,元大台灣50          ,81,81.1,80.5,80.75,9017 
50,20180423,元大台灣50          ,80.25,80.45,79.9,79.95,10624 
50,20180424,元大台灣50          ,79.9,79.95,79.05,79.55,16867 
50,20180425,元大台灣50          ,79.25,79.3,78.8,79.3,16460 
50,20180426,元大台灣50          ,79.7,79.7,78.8,79.05,16485 
50,20180427,元大台灣50          ,79.6,79.65,78.8,79.2,12395 
